<!DOCTYPE nvcml>
<PetrowellsScope name="PetrowellsScope">
  <nio_PMWells name="15122019.psm">
    <string ContentName="15122019.psm"/>
    <string ContentUrl="C:/Users/ma4513/Desktop/Petrel_15092019/15122019.psm/well"/>
    <Locator name="Locator"/>
  </nio_PMWells>
  <Node name="Plot Folder">
    <Plot name="Plot">
      <bool displayed="false"/>
      <int Width="512"/>
      <int Height="512"/>
      <string Font=",8.25,-1,5,50,0,0,0,0,0"/>
      <string Title="28_09a_6_1"/>
      <string Name="Plot"/>
      <int FrameLeft="150"/>
      <int FrameRight="80"/>
      <int FrameBottom="80"/>
      <int FrameTop="80"/>
      <Modi name="Modi">
        <bool displayed="true"/>
        <AxisClipperResizeMode name="AxisClipperResize mode">
          <bool displayed="true"/>
        </AxisClipperResizeMode>
        <LocatorMode name="Locator Mode"/>
        <ZoomMode name="Zoom Mode"/>
        <LabelMode name="Label mode"/>
        <ShiftMode name="Panning Mode"/>
        <CurveEditMode name="Curve Edit Mode">
          <bool displayed="true"/>
        </CurveEditMode>
        <FrameMode name="Frame mode">
          <bool displayed="true"/>
        </FrameMode>
        <PanningMode name="Panning mode">
          <bool displayed="true"/>
        </PanningMode>
      </Modi>
      <LegendMode name="Legend mode"/>
      <Legend name="Legend">
        <bool displayed="true"/>
        <int Width="200"/>
        <int AlignType="3"/>
        <int AlignXDist="90"/>
        <int AlignYDist="90"/>
        <int Space="5"/>
        <int BackgroundStyle="0"/>
        <CurveLegendItem name="Curve Legend Item HCAL (new)_0507">
          <bool displayed="true"/>
          <string Font="MS Shell Dlg 2,8.25,-1,5,50,0,0,0,0,0"/>
        </CurveLegendItem>
        <CurveLegendItem name="Curve Legend Item SPHI (new)_0507">
          <bool displayed="true"/>
          <string Font="MS Shell Dlg 2,8.25,-1,5,50,0,0,0,0,0"/>
        </CurveLegendItem>
        <CurveLegendItem name="Curve Legend Item TNPH (new)_0507">
          <bool displayed="true"/>
          <string Font="MS Shell Dlg 2,8.25,-1,5,50,0,0,0,0,0"/>
        </CurveLegendItem>
        <CurveLegendItem name="Curve Legend Item RLA5 (new)_05A07">
          <bool displayed="true"/>
          <string Font="MS Shell Dlg 2,8.25,-1,5,50,0,0,0,0,0"/>
        </CurveLegendItem>
        <CurveLegendItem name="Curve Legend Item Velocity (TDR): v=v0+kz, v0=2629.52720324, k=-3.85880869, z0=-1627.57479908">
          <bool displayed="true"/>
          <string Font="MS Shell Dlg 2,8.25,-1,5,50,0,0,0,0,0"/>
        </CurveLegendItem>
        <CurveLegendItem name="Curve Legend Item Twt (TDR): v=v0+kz, v0=2629.52720324, k=-3.85880869, z0=-1627.57479908">
          <bool displayed="true"/>
          <string Font="MS Shell Dlg 2,8.25,-1,5,50,0,0,0,0,0"/>
        </CurveLegendItem>
        <CurveLegendItem name="Curve Legend Item Velocity (TDR): v=v0+kz, v0=2571.85788390, k=-0.36570031, z0=-863.24068991">
          <bool displayed="true"/>
          <string Font="MS Shell Dlg 2,8.25,-1,5,50,0,0,0,0,0"/>
        </CurveLegendItem>
        <CurveLegendItem name="Curve Legend Item Twt (TDR): v=v0+kz, v0=2571.85788390, k=-0.36570031, z0=-863.24068991">
          <bool displayed="true"/>
          <string Font="MS Shell Dlg 2,8.25,-1,5,50,0,0,0,0,0"/>
        </CurveLegendItem>
        <CurveLegendItem name="Curve Legend Item Velocity (TDR): v=v0+kz, v0=1929.26204924, k=-0.00286541, z0=-91.22866595">
          <bool displayed="true"/>
          <string Font="MS Shell Dlg 2,8.25,-1,5,50,0,0,0,0,0"/>
        </CurveLegendItem>
        <CurveLegendItem name="Curve Legend Item Twt (TDR): v=v0+kz, v0=1929.26204924, k=-0.00286541, z0=-91.22866595">
          <bool displayed="true"/>
          <string Font="MS Shell Dlg 2,8.25,-1,5,50,0,0,0,0,0"/>
        </CurveLegendItem>
        <CurveLegendItem name="Curve Legend Item Velocity (TDR): v=v0+kz, v0=2629.52143515, k=-3.85880830, z0=-1627.57500555">
          <bool displayed="true"/>
          <string Font="MS Shell Dlg 2,8.25,-1,5,50,0,0,0,0,0"/>
        </CurveLegendItem>
        <CurveLegendItem name="Curve Legend Item Twt (TDR): v=v0+kz, v0=2629.52143515, k=-3.85880830, z0=-1627.57500555">
          <bool displayed="true"/>
          <string Font="MS Shell Dlg 2,8.25,-1,5,50,0,0,0,0,0"/>
        </CurveLegendItem>
        <CurveLegendItem name="Curve Legend Item Velocity (TDR): v=v0+kz, v0=2282.79717011, k=-0.36570038, z0=-924.66474588">
          <bool displayed="true"/>
          <string Font="MS Shell Dlg 2,8.25,-1,5,50,0,0,0,0,0"/>
        </CurveLegendItem>
        <CurveLegendItem name="Curve Legend Item Twt (TDR): v=v0+kz, v0=2282.79717011, k=-0.36570038, z0=-924.66474588">
          <bool displayed="true"/>
          <string Font="MS Shell Dlg 2,8.25,-1,5,50,0,0,0,0,0"/>
        </CurveLegendItem>
        <CurveLegendItem name="Curve Legend Item Velocity (TDR): v=v0+kz, v0=1925.87408774, k=-0.00286542, z0=-92.26595462_2">
          <bool displayed="true"/>
          <string Font="MS Shell Dlg 2,8.25,-1,5,50,0,0,0,0,0"/>
        </CurveLegendItem>
        <CurveLegendItem name="Curve Legend Item Twt (TDR): v=v0+kz, v0=1925.87408774, k=-0.00286542, z0=-92.26595462_2">
          <bool displayed="true"/>
          <string Font="MS Shell Dlg 2,8.25,-1,5,50,0,0,0,0,0"/>
        </CurveLegendItem>
        <CurveLegendItem name="Curve Legend Item Velocity (TDR): v=v0+kz, v0=2629.52777683, k=-3.85880869, z0=-1627.57477862_1">
          <bool displayed="true"/>
          <string Font="MS Shell Dlg 2,8.25,-1,5,50,0,0,0,0,0"/>
        </CurveLegendItem>
        <CurveLegendItem name="Curve Legend Item Twt (TDR): v=v0+kz, v0=2629.52777683, k=-3.85880869, z0=-1627.57477862_1">
          <bool displayed="true"/>
          <string Font="MS Shell Dlg 2,8.25,-1,5,50,0,0,0,0,0"/>
        </CurveLegendItem>
        <CurveLegendItem name="Curve Legend Item Velocity (TDR): v=v0+kz, v0=1932.05571675, k=-0.36570034, z0=-999.19567936_1">
          <bool displayed="true"/>
          <string Font="MS Shell Dlg 2,8.25,-1,5,50,0,0,0,0,0"/>
        </CurveLegendItem>
        <CurveLegendItem name="Curve Legend Item Twt (TDR): v=v0+kz, v0=1932.05571675, k=-0.36570034, z0=-999.19567936_1">
          <bool displayed="true"/>
          <string Font="MS Shell Dlg 2,8.25,-1,5,50,0,0,0,0,0"/>
        </CurveLegendItem>
        <CurveLegendItem name="Curve Legend Item Velocity (TDR): v=v0+kz, v0=1925.87408774, k=-0.00286542, z0=-92.26595462_1">
          <bool displayed="true"/>
          <string Font="MS Shell Dlg 2,8.25,-1,5,50,0,0,0,0,0"/>
        </CurveLegendItem>
        <CurveLegendItem name="Curve Legend Item Twt (TDR): v=v0+kz, v0=1925.87408774, k=-0.00286542, z0=-92.26595462_1">
          <bool displayed="true"/>
          <string Font="MS Shell Dlg 2,8.25,-1,5,50,0,0,0,0,0"/>
        </CurveLegendItem>
        <CurveLegendItem name="Curve Legend Item Velocity (TDR): v=v0+kz, v0=2629.52777683, k=-3.85880869, z0=-1627.57477862">
          <bool displayed="true"/>
          <string Font="MS Shell Dlg 2,8.25,-1,5,50,0,0,0,0,0"/>
        </CurveLegendItem>
        <CurveLegendItem name="Curve Legend Item Twt (TDR): v=v0+kz, v0=2629.52777683, k=-3.85880869, z0=-1627.57477862">
          <bool displayed="true"/>
          <string Font="MS Shell Dlg 2,8.25,-1,5,50,0,0,0,0,0"/>
        </CurveLegendItem>
        <CurveLegendItem name="Curve Legend Item Velocity (TDR): v=v0+kz, v0=1932.05571675, k=-0.36570034, z0=-999.19567936">
          <bool displayed="true"/>
          <string Font="MS Shell Dlg 2,8.25,-1,5,50,0,0,0,0,0"/>
        </CurveLegendItem>
        <CurveLegendItem name="Curve Legend Item Twt (TDR): v=v0+kz, v0=1932.05571675, k=-0.36570034, z0=-999.19567936">
          <bool displayed="true"/>
          <string Font="MS Shell Dlg 2,8.25,-1,5,50,0,0,0,0,0"/>
        </CurveLegendItem>
        <CurveLegendItem name="Curve Legend Item Velocity (TDR): v=v0+kz, v0=1925.87408774, k=-0.00286542, z0=-92.26595462">
          <bool displayed="true"/>
          <string Font="MS Shell Dlg 2,8.25,-1,5,50,0,0,0,0,0"/>
        </CurveLegendItem>
        <CurveLegendItem name="Curve Legend Item Twt (TDR): v=v0+kz, v0=1925.87408774, k=-0.00286542, z0=-92.26595462">
          <bool displayed="true"/>
          <string Font="MS Shell Dlg 2,8.25,-1,5,50,0,0,0,0,0"/>
        </CurveLegendItem>
        <CurveLegendItem name="Curve Legend Item DT4P (new)_2805a07">
          <bool displayed="true"/>
          <string Font="MS Shell Dlg 2,8.25,-1,5,50,0,0,0,0,0"/>
        </CurveLegendItem>
        <CurveLegendItem name="Curve Legend Item DT1 (new)_2805a07">
          <bool displayed="true"/>
          <string Font="MS Shell Dlg 2,8.25,-1,5,50,0,0,0,0,0"/>
        </CurveLegendItem>
        <CurveLegendItem name="Curve Legend Item GR (new)">
          <bool displayed="true"/>
          <string Font="MS Shell Dlg 2,8.25,-1,5,50,0,0,0,0,0"/>
        </CurveLegendItem>
        <CurveLegendItem name="Curve Legend Item RHOZ (new)_2805a07">
          <bool displayed="true"/>
          <string Font="MS Shell Dlg 2,8.25,-1,5,50,0,0,0,0,0"/>
        </CurveLegendItem>
        <CurveLegendItem name="Curve Legend Item SROP">
          <bool displayed="true"/>
          <string Font="MS Shell Dlg 2,8.25,-1,5,50,0,0,0,0,0"/>
        </CurveLegendItem>
        <CurveLegendItem name="Curve Legend Item SHAL">
          <bool displayed="true"/>
          <string Font="MS Shell Dlg 2,8.25,-1,5,50,0,0,0,0,0"/>
        </CurveLegendItem>
        <CurveLegendItem name="Curve Legend Item HURA">
          <bool displayed="true"/>
          <string Font="MS Shell Dlg 2,8.25,-1,5,50,0,0,0,0,0"/>
        </CurveLegendItem>
        <CurveLegendItem name="Curve Legend Item HUPR">
          <bool displayed="true"/>
          <string Font="MS Shell Dlg 2,8.25,-1,5,50,0,0,0,0,0"/>
        </CurveLegendItem>
        <CurveLegendItem name="Curve Legend Item HTUR">
          <bool displayed="true"/>
          <string Font="MS Shell Dlg 2,8.25,-1,5,50,0,0,0,0,0"/>
        </CurveLegendItem>
        <CurveLegendItem name="Curve Legend Item HTPR">
          <bool displayed="true"/>
          <string Font="MS Shell Dlg 2,8.25,-1,5,50,0,0,0,0,0"/>
        </CurveLegendItem>
        <CurveLegendItem name="Curve Legend Item HTHO">
          <bool displayed="true"/>
          <string Font="MS Shell Dlg 2,8.25,-1,5,50,0,0,0,0,0"/>
        </CurveLegendItem>
        <CurveLegendItem name="Curve Legend Item HFK">
          <bool displayed="true"/>
          <string Font="MS Shell Dlg 2,8.25,-1,5,50,0,0,0,0,0"/>
        </CurveLegendItem>
        <CurveLegendItem name="Curve Legend Item HBHK">
          <bool displayed="true"/>
          <string Font="MS Shell Dlg 2,8.25,-1,5,50,0,0,0,0,0"/>
        </CurveLegendItem>
        <CurveLegendItem name="Curve Legend Item GR_RES">
          <bool displayed="true"/>
          <string Font="MS Shell Dlg 2,8.25,-1,5,50,0,0,0,0,0"/>
        </CurveLegendItem>
        <CurveLegendItem name="Curve Legend Item ESHAL">
          <bool displayed="true"/>
          <string Font="MS Shell Dlg 2,8.25,-1,5,50,0,0,0,0,0"/>
        </CurveLegendItem>
        <CurveLegendItem name="Curve Legend Item DEEP">
          <bool displayed="true"/>
          <string Font="MS Shell Dlg 2,8.25,-1,5,50,0,0,0,0,0"/>
        </CurveLegendItem>
        <CurveLegendItem name="Curve Legend Item CGRC">
          <bool displayed="true"/>
          <string Font="MS Shell Dlg 2,8.25,-1,5,50,0,0,0,0,0"/>
        </CurveLegendItem>
        <CurveLegendItem name="Curve Legend Item CEXP">
          <bool displayed="true"/>
          <string Font="MS Shell Dlg 2,8.25,-1,5,50,0,0,0,0,0"/>
        </CurveLegendItem>
        <CurveLegendItem name="Curve Legend Item CEXA">
          <bool displayed="true"/>
          <string Font="MS Shell Dlg 2,8.25,-1,5,50,0,0,0,0,0"/>
        </CurveLegendItem>
        <CurveLegendItem name="Curve Legend Item CESP">
          <bool displayed="true"/>
          <string Font="MS Shell Dlg 2,8.25,-1,5,50,0,0,0,0,0"/>
        </CurveLegendItem>
        <CurveLegendItem name="Curve Legend Item CESA">
          <bool displayed="true"/>
          <string Font="MS Shell Dlg 2,8.25,-1,5,50,0,0,0,0,0"/>
        </CurveLegendItem>
        <CurveLegendItem name="Curve Legend Item CEMP">
          <bool displayed="true"/>
          <string Font="MS Shell Dlg 2,8.25,-1,5,50,0,0,0,0,0"/>
        </CurveLegendItem>
        <CurveLegendItem name="Curve Legend Item CEMA">
          <bool displayed="true"/>
          <string Font="MS Shell Dlg 2,8.25,-1,5,50,0,0,0,0,0"/>
        </CurveLegendItem>
        <CurveLegendItem name="Curve Legend Item CEDP">
          <bool displayed="true"/>
          <string Font="MS Shell Dlg 2,8.25,-1,5,50,0,0,0,0,0"/>
        </CurveLegendItem>
        <CurveLegendItem name="Curve Legend Item CEDA">
          <bool displayed="true"/>
          <string Font="MS Shell Dlg 2,8.25,-1,5,50,0,0,0,0,0"/>
        </CurveLegendItem>
        <CurveLegendItem name="Curve Legend Item RXOZ">
          <bool displayed="true"/>
          <string Font="MS Shell Dlg 2,8.25,-1,5,50,0,0,0,0,0"/>
        </CurveLegendItem>
        <CurveLegendItem name="Curve Legend Item NPOR">
          <bool displayed="true"/>
          <string Font="MS Shell Dlg 2,8.25,-1,5,50,0,0,0,0,0"/>
        </CurveLegendItem>
        <CurveLegendItem name="Curve Legend Item HSGR">
          <bool displayed="true"/>
          <string Font="MS Shell Dlg 2,8.25,-1,5,50,0,0,0,0,0"/>
        </CurveLegendItem>
        <CurveLegendItem name="Curve Legend Item HGR">
          <bool displayed="true"/>
          <string Font="MS Shell Dlg 2,8.25,-1,5,50,0,0,0,0,0"/>
        </CurveLegendItem>
        <CurveLegendItem name="Curve Legend Item HCGR">
          <bool displayed="true"/>
          <string Font="MS Shell Dlg 2,8.25,-1,5,50,0,0,0,0,0"/>
        </CurveLegendItem>
        <CurveLegendItem name="Curve Legend Item DPHZ">
          <bool displayed="true"/>
          <string Font="MS Shell Dlg 2,8.25,-1,5,50,0,0,0,0,0"/>
        </CurveLegendItem>
        <CurveLegendItem name="Curve Legend Item DCAL">
          <bool displayed="true"/>
          <string Font="MS Shell Dlg 2,8.25,-1,5,50,0,0,0,0,0"/>
        </CurveLegendItem>
        <CurveLegendItem name="Curve Legend Item BS">
          <bool displayed="true"/>
          <string Font="MS Shell Dlg 2,8.25,-1,5,50,0,0,0,0,0"/>
        </CurveLegendItem>
        <CurveLegendItem name="Curve Legend Item RLA5">
          <bool displayed="true"/>
          <string Font="MS Shell Dlg 2,8.25,-1,5,50,0,0,0,0,0"/>
        </CurveLegendItem>
        <CurveLegendItem name="Curve Legend Item RLA4">
          <bool displayed="true"/>
          <string Font="MS Shell Dlg 2,8.25,-1,5,50,0,0,0,0,0"/>
        </CurveLegendItem>
        <CurveLegendItem name="Curve Legend Item RLA3">
          <bool displayed="true"/>
          <string Font="MS Shell Dlg 2,8.25,-1,5,50,0,0,0,0,0"/>
        </CurveLegendItem>
        <CurveLegendItem name="Curve Legend Item RLA2">
          <bool displayed="true"/>
          <string Font="MS Shell Dlg 2,8.25,-1,5,50,0,0,0,0,0"/>
        </CurveLegendItem>
        <CurveLegendItem name="Curve Legend Item RLA1">
          <bool displayed="true"/>
          <string Font="MS Shell Dlg 2,8.25,-1,5,50,0,0,0,0,0"/>
        </CurveLegendItem>
        <CurveLegendItem name="Curve Legend Item HMNO">
          <bool displayed="true"/>
          <string Font="MS Shell Dlg 2,8.25,-1,5,50,0,0,0,0,0"/>
        </CurveLegendItem>
        <CurveLegendItem name="Curve Legend Item HMIN">
          <bool displayed="true"/>
          <string Font="MS Shell Dlg 2,8.25,-1,5,50,0,0,0,0,0"/>
        </CurveLegendItem>
        <CurveLegendItem name="Curve Legend Item DT4P">
          <bool displayed="true"/>
          <string Font="MS Shell Dlg 2,8.25,-1,5,50,0,0,0,0,0"/>
        </CurveLegendItem>
        <CurveLegendItem name="Curve Legend Item DT1">
          <bool displayed="true"/>
          <string Font="MS Shell Dlg 2,8.25,-1,5,50,0,0,0,0,0"/>
        </CurveLegendItem>
        <CurveLegendItem name="Curve Legend Item SP">
          <bool displayed="true"/>
          <string Font="MS Shell Dlg 2,8.25,-1,5,50,0,0,0,0,0"/>
        </CurveLegendItem>
        <CurveLegendItem name="Curve Legend Item One-way time 2">
          <bool displayed="true"/>
          <string Font="MS Shell Dlg 2,8.25,-1,5,50,0,0,0,0,0"/>
        </CurveLegendItem>
        <CurveLegendItem name="Curve Legend Item One-way time 1">
          <bool displayed="true"/>
          <string Font="MS Shell Dlg 2,8.25,-1,5,50,0,0,0,0,0"/>
        </CurveLegendItem>
        <CurveLegendItem name="Curve Legend Item Calibrated sonic">
          <bool displayed="true"/>
          <string Font="MS Shell Dlg 2,8.25,-1,5,50,0,0,0,0,0"/>
        </CurveLegendItem>
        <CurveLegendItem name="Curve Legend Item Residual drift log">
          <bool displayed="true"/>
          <string Font="MS Shell Dlg 2,8.25,-1,5,50,0,0,0,0,0"/>
        </CurveLegendItem>
        <CurveLegendItem name="Curve Legend Item Calibrated sonic log">
          <bool displayed="true"/>
          <string Font="MS Shell Dlg 2,8.25,-1,5,50,0,0,0,0,0"/>
        </CurveLegendItem>
        <CurveLegendItem name="Curve Legend Item Output interval velocity">
          <bool displayed="true"/>
          <string Font="MS Shell Dlg 2,8.25,-1,5,50,0,0,0,0,0"/>
        </CurveLegendItem>
        <CurveLegendItem name="Curve Legend Item Input interval velocity">
          <bool displayed="true"/>
          <string Font="MS Shell Dlg 2,8.25,-1,5,50,0,0,0,0,0"/>
        </CurveLegendItem>
        <CurveLegendItem name="Curve Legend Item PEFZ">
          <bool displayed="true"/>
          <string Font="MS Shell Dlg 2,8.25,-1,5,50,0,0,0,0,0"/>
        </CurveLegendItem>
        <CurveLegendItem name="Curve Legend Item GR_SPL">
          <bool displayed="true"/>
          <string Font="MS Shell Dlg 2,8.25,-1,5,50,0,0,0,0,0"/>
        </CurveLegendItem>
        <CurveLegendItem name="Curve Legend Item TNPH">
          <bool displayed="true"/>
          <string Font="MS Shell Dlg 2,8.25,-1,5,50,0,0,0,0,0"/>
        </CurveLegendItem>
        <CurveLegendItem name="Curve Legend Item SPHI">
          <bool displayed="true"/>
          <string Font="MS Shell Dlg 2,8.25,-1,5,50,0,0,0,0,0"/>
        </CurveLegendItem>
        <CurveLegendItem name="Curve Legend Item RHOZ">
          <bool displayed="true"/>
          <string Font="MS Shell Dlg 2,8.25,-1,5,50,0,0,0,0,0"/>
        </CurveLegendItem>
        <CurveLegendItem name="Curve Legend Item HDRA">
          <bool displayed="true"/>
          <string Font="MS Shell Dlg 2,8.25,-1,5,50,0,0,0,0,0"/>
        </CurveLegendItem>
        <CurveLegendItem name="Curve Legend Item HCAL">
          <bool displayed="true"/>
          <string Font="MS Shell Dlg 2,8.25,-1,5,50,0,0,0,0,0"/>
        </CurveLegendItem>
        <CurveLegendItem name="Curve Legend Item TENS">
          <bool displayed="true"/>
          <string Font="MS Shell Dlg 2,8.25,-1,5,50,0,0,0,0,0"/>
        </CurveLegendItem>
        <CurveLegendItem name="Curve Legend Item NPHI">
          <bool displayed="true"/>
          <string Font="MS Shell Dlg 2,8.25,-1,5,50,0,0,0,0,0"/>
        </CurveLegendItem>
        <CurveLegendItem name="Curve Legend Item GR">
          <bool displayed="true"/>
          <string Font="MS Shell Dlg 2,8.25,-1,5,50,0,0,0,0,0"/>
        </CurveLegendItem>
        <CurveLegendItem name="Curve Legend Item Bulk Density">
          <bool displayed="true"/>
          <string Font="MS Shell Dlg 2,8.25,-1,5,50,0,0,0,0,0"/>
        </CurveLegendItem>
        <CurveLegendItem name="Curve Legend Item Seismic Velocity, Vp">
          <bool displayed="true"/>
          <string Font="MS Shell Dlg 2,8.25,-1,5,50,0,0,0,0,0"/>
        </CurveLegendItem>
        <CurveLegendItem name="Curve Legend Item Artificial">
          <bool displayed="true"/>
          <string Font="MS Shell Dlg 2,8.25,-1,5,50,0,0,0,0,0"/>
        </CurveLegendItem>
      </Legend>
      <Labels name="Labels"/>
      <Logo name="Logo">
        <string Font=",8.25,-1,5,50,0,0,0,0,0"/>
        <string Title="28_09a_6_1"/>
        <string Name="Logo"/>
        <string Icon="logo"/>
      </Logo>
      <PlotTitle name="PlotTitle">
        <string Font=",8.25,-1,5,50,0,0,0,0,0"/>
        <string Title="28_09a_6_1"/>
        <string Name="PlotTitle"/>
        <string Icon="annotationTree"/>
        <float AlignY="-2"/>
        <string FontString="Arial,12,-1,5,75,0,0,0,0,0"/>
        <string Text="28_05a_07"/>
      </PlotTitle>
      <Axes name="Axes">
        <string Font=",8.25,-1,5,50,0,0,0,0,0"/>
        <string Title="28_09a_6_1"/>
        <string Name="Axes"/>
        <string Icon="annotationTree"/>
        <Axis name="Top: Density">
          <bool displayed="false"/>
          <string Font=",8.25,-1,5,50,0,0,0,0,0"/>
          <string Title="28_09a_6_1"/>
          <string Name="Top: Density"/>
          <string Icon="annotationTree"/>
          <int AxisType="2"/>
          <int Unit="60"/>
          <AxisLine name="Line">
            <string Font=",8.25,-1,5,50,0,0,0,0,0"/>
            <string Title="28_09a_6_1"/>
            <string Name="Line"/>
            <string Icon="annotationTree"/>
            <int Type="2"/>
            <int AxisType="2"/>
            <int Unit="60"/>
          </AxisLine>
          <AxisTicks name="Ticks">
            <string Font=",8.25,-1,5,50,0,0,0,0,0"/>
            <string Title="28_09a_6_1"/>
            <string Name="Ticks"/>
            <string Icon="annotationTree"/>
            <int Type="2"/>
            <int AxisType="2"/>
            <int Unit="60"/>
          </AxisTicks>
          <Annotation name="Annotation">
            <string Font=",8.25,-1,5,50,0,0,0,0,0"/>
            <string Title="28_09a_6_1"/>
            <string Name="Annotation"/>
            <string Icon="annotationTree"/>
            <string FontString="Arial,8,-1,5,50,0,0,0,0,0"/>
            <int AxisType="2"/>
            <int Unit="60"/>
          </Annotation>
          <AxisTitle name="Title">
            <string Font=",8.25,-1,5,50,0,0,0,0,0"/>
            <string Title="28_09a_6_1"/>
            <string Name="Title"/>
            <string Icon="annotationTree"/>
            <string FontString="Arial,8,-1,5,50,0,0,0,0,0"/>
            <int AxisType="2"/>
            <int Unit="60"/>
            <string Text="DEFAULT"/>
          </AxisTitle>
        </Axis>
        <Axis name="Bottom: Density">
          <string Font=",8.25,-1,5,50,0,0,0,0,0"/>
          <string Title="28_09a_6_1"/>
          <string Name="Bottom: Density"/>
          <string Icon="annotationTree"/>
          <int AxisType="1"/>
          <int Unit="60"/>
          <AxisLine name="Line">
            <string Font=",8.25,-1,5,50,0,0,0,0,0"/>
            <string Title="28_09a_6_1"/>
            <string Name="Line"/>
            <string Icon="annotationTree"/>
            <int Type="2"/>
            <int AxisType="1"/>
            <int Unit="60"/>
          </AxisLine>
          <AxisTicks name="Ticks">
            <string Font=",8.25,-1,5,50,0,0,0,0,0"/>
            <string Title="28_09a_6_1"/>
            <string Name="Ticks"/>
            <string Icon="annotationTree"/>
            <int Type="2"/>
            <int AxisType="1"/>
            <int Unit="60"/>
          </AxisTicks>
          <Annotation name="Annotation">
            <string Font=",8.25,-1,5,50,0,0,0,0,0"/>
            <string Title="28_09a_6_1"/>
            <string Name="Annotation"/>
            <string Icon="annotationTree"/>
            <string FontString="Arial,8,-1,5,50,0,0,0,0,0"/>
            <int AxisType="1"/>
            <int Unit="60"/>
          </Annotation>
          <AxisTitle name="Title">
            <string Font=",8.25,-1,5,50,0,0,0,0,0"/>
            <string Title="28_09a_6_1"/>
            <string Name="Title"/>
            <string Icon="annotationTree"/>
            <float AlignY="1"/>
            <string FontString="Arial,8,-1,5,50,0,0,0,0,0"/>
            <int AxisType="1"/>
            <int Unit="60"/>
            <string Text="DEFAULT"/>
          </AxisTitle>
        </Axis>
        <Axis name="Top: Seismic Velocities">
          <string Font=",8.25,-1,5,50,0,0,0,0,0"/>
          <string Title="28_09a_6_1"/>
          <string Name="Top: Seismic Velocities"/>
          <string Icon="annotationTree"/>
          <int AxisType="2"/>
          <int Unit="122"/>
          <AxisLine name="Line">
            <string Font=",8.25,-1,5,50,0,0,0,0,0"/>
            <string Title="28_09a_6_1"/>
            <string Name="Line"/>
            <string Icon="annotationTree"/>
            <int Type="2"/>
            <int AxisType="2"/>
            <int Unit="122"/>
          </AxisLine>
          <AxisTicks name="Ticks">
            <string Font=",8.25,-1,5,50,0,0,0,0,0"/>
            <string Title="28_09a_6_1"/>
            <string Name="Ticks"/>
            <string Icon="annotationTree"/>
            <int Type="2"/>
            <int AxisType="2"/>
            <int Unit="122"/>
          </AxisTicks>
          <Annotation name="Annotation">
            <string Font=",8.25,-1,5,50,0,0,0,0,0"/>
            <string Title="28_09a_6_1"/>
            <string Name="Annotation"/>
            <string Icon="annotationTree"/>
            <string FontString="Arial,8,-1,5,50,0,0,0,0,0"/>
            <int AxisType="2"/>
            <int Unit="122"/>
          </Annotation>
          <AxisTitle name="Title">
            <string Font=",8.25,-1,5,50,0,0,0,0,0"/>
            <string Title="28_09a_6_1"/>
            <string Name="Title"/>
            <string Icon="annotationTree"/>
            <float AlignY="-1"/>
            <string FontString="Arial,8,-1,5,50,0,0,0,0,0"/>
            <int AxisType="2"/>
            <int Unit="122"/>
            <string Text="DEFAULT"/>
          </AxisTitle>
        </Axis>
        <Axis name="Bottom: Seismic Velocities">
          <bool displayed="false"/>
          <string Font=",8.25,-1,5,50,0,0,0,0,0"/>
          <string Title="28_09a_6_1"/>
          <string Name="Bottom: Seismic Velocities"/>
          <string Icon="annotationTree"/>
          <int AxisType="1"/>
          <int Unit="122"/>
          <AxisLine name="Line">
            <string Font=",8.25,-1,5,50,0,0,0,0,0"/>
            <string Title="28_09a_6_1"/>
            <string Name="Line"/>
            <string Icon="annotationTree"/>
            <int Type="2"/>
            <int AxisType="1"/>
            <int Unit="122"/>
          </AxisLine>
          <AxisTicks name="Ticks">
            <string Font=",8.25,-1,5,50,0,0,0,0,0"/>
            <string Title="28_09a_6_1"/>
            <string Name="Ticks"/>
            <string Icon="annotationTree"/>
            <int Type="2"/>
            <int AxisType="1"/>
            <int Unit="122"/>
          </AxisTicks>
          <Annotation name="Annotation">
            <string Font=",8.25,-1,5,50,0,0,0,0,0"/>
            <string Title="28_09a_6_1"/>
            <string Name="Annotation"/>
            <string Icon="annotationTree"/>
            <string FontString="Arial,8,-1,5,50,0,0,0,0,0"/>
            <int AxisType="1"/>
            <int Unit="122"/>
          </Annotation>
          <AxisTitle name="Title">
            <string Font=",8.25,-1,5,50,0,0,0,0,0"/>
            <string Title="28_09a_6_1"/>
            <string Name="Title"/>
            <string Icon="annotationTree"/>
            <string FontString="Arial,8,-1,5,50,0,0,0,0,0"/>
            <int AxisType="1"/>
            <int Unit="122"/>
            <string Text="DEFAULT"/>
          </AxisTitle>
        </Axis>
        <Axis name="Right: Depth">
          <string Font=",8.25,-1,5,50,0,0,0,0,0"/>
          <string Title="28_09a_6_1"/>
          <string Name="Right: Depth"/>
          <string Icon="annotationTree"/>
          <int AxisType="8"/>
          <int Unit="10"/>
          <int Trafo="1"/>
          <AxisLine name="Line">
            <string Font=",8.25,-1,5,50,0,0,0,0,0"/>
            <string Title="28_09a_6_1"/>
            <string Name="Line"/>
            <string Icon="annotationTree"/>
            <int Type="2"/>
            <int AxisType="8"/>
            <int Unit="10"/>
            <int Trafo="1"/>
          </AxisLine>
          <AxisTicks name="Ticks">
            <string Font=",8.25,-1,5,50,0,0,0,0,0"/>
            <string Title="28_09a_6_1"/>
            <string Name="Ticks"/>
            <string Icon="annotationTree"/>
            <int Type="2"/>
            <int AxisType="8"/>
            <int Unit="10"/>
            <int Trafo="1"/>
          </AxisTicks>
          <Annotation name="Annotation">
            <string Font=",8.25,-1,5,50,0,0,0,0,0"/>
            <string Title="28_09a_6_1"/>
            <string Name="Annotation"/>
            <string Icon="annotationTree"/>
            <string FontString="Arial,8,-1,5,50,0,0,0,0,0"/>
            <int AxisType="8"/>
            <int Unit="10"/>
            <int Trafo="1"/>
          </Annotation>
          <AxisTitle name="Title">
            <string Font=",8.25,-1,5,50,0,0,0,0,0"/>
            <string Title="28_09a_6_1"/>
            <string Name="Title"/>
            <string Icon="annotationTree"/>
            <float AlignX="-1"/>
            <int Orientation="1"/>
            <string FontString="Arial,8,-1,5,50,0,0,0,0,0"/>
            <int AxisType="8"/>
            <int Unit="10"/>
            <int Trafo="1"/>
            <string Text="DEFAULT"/>
          </AxisTitle>
        </Axis>
        <Axis name="Left: Depth">
          <string Font=",8.25,-1,5,50,0,0,0,0,0"/>
          <string Title="28_09a_6_1"/>
          <string Name="Left: Depth"/>
          <string Icon="annotationTree"/>
          <int AxisType="4"/>
          <int Unit="10"/>
          <int Trafo="1"/>
          <AxisLine name="Line">
            <string Font=",8.25,-1,5,50,0,0,0,0,0"/>
            <string Title="28_09a_6_1"/>
            <string Name="Line"/>
            <string Icon="annotationTree"/>
            <int Type="2"/>
            <int LinePattern="3135"/>
            <color LineRGBA="4290822336"/>
            <int AxisType="4"/>
            <int Unit="10"/>
            <int Trafo="1"/>
          </AxisLine>
          <AxisClipper name="Slide">
            <int Width="70"/>
            <string Font=",8.25,-1,5,50,0,0,0,0,0"/>
            <string Title="28_09a_6_1"/>
            <string Name="Slide"/>
            <int AxisType="4"/>
            <int Unit="10"/>
            <int Trafo="1"/>
            <int ClipWidth="70"/>
            <UnitScale name="Scale">
              <string Font=",8.25,-1,5,50,0,0,0,0,0"/>
              <string Title="28_09a_6_1"/>
              <string Name="Scale"/>
              <int XRangeType="2"/>
              <int XRangeUnit="15"/>
              <float XRangeFixMin="-40"/>
              <float XRangeFixMax="10"/>
              <bool XZoomEnabled="false"/>
              <int YRangeType="1"/>
              <int YRangeUnit="10"/>
              <int YTrafo="1"/>
              <float YRangeFixMin="-10000"/>
              <float YRangeFixMax="0"/>
              <Curve name="Balder Fm (Well tops 1)">
                <string Font=",8.25,-1,5,50,0,0,0,0,0"/>
                <string Title="28_09a_6_1"/>
                <string Name="Balder Fm (Well tops 1)"/>
                <int Type="3"/>
                <int PointSize="4"/>
                <int UnitX="15"/>
                <int UnitY="10"/>
                <int YTrafo="1"/>
              </Curve>
              <Curve name="Horda Fm (Well tops 1)">
                <string Font=",8.25,-1,5,50,0,0,0,0,0"/>
                <string Title="28_09a_6_1"/>
                <string Name="Horda Fm (Well tops 1)"/>
                <int Type="3"/>
                <int PointSize="4"/>
                <int UnitX="15"/>
                <int UnitY="10"/>
                <int YTrafo="1"/>
              </Curve>
              <Curve name="Seabed/Oligocene (Well tops 1)">
                <string Font=",8.25,-1,5,50,0,0,0,0,0"/>
                <string Title="28_09a_6_1"/>
                <string Name="Seabed/Oligocene (Well tops 1)"/>
                <int Type="3"/>
                <int PointSize="4"/>
                <int UnitX="15"/>
                <int UnitY="10"/>
                <int YTrafo="1"/>
              </Curve>
              <Slide name="Slide">
                <string Font=",8.25,-1,5,50,0,0,0,0,0"/>
                <string Title="28_09a_6_1"/>
                <string Name="Slide"/>
              </Slide>
              <Curve name="Deviation">
                <string Font=",8.25,-1,5,50,0,0,0,0,0"/>
                <string Title="28_09a_6_1"/>
                <string Name="Deviation"/>
                <int Type="3"/>
                <color LineRGBA="4278190335"/>
                <int UnitX="15"/>
                <int UnitY="10"/>
                <int YTrafo="1"/>
              </Curve>
            </UnitScale>
          </AxisClipper>
          <AxisLine name="Line">
            <string Font=",8.25,-1,5,50,0,0,0,0,0"/>
            <string Title="28_09a_6_1"/>
            <string Name="Line"/>
            <string Icon="annotationTree"/>
            <int Type="2"/>
            <int AxisType="4"/>
            <int Unit="10"/>
            <int Trafo="1"/>
          </AxisLine>
          <AxisTicks name="Ticks">
            <string Font=",8.25,-1,5,50,0,0,0,0,0"/>
            <string Title="28_09a_6_1"/>
            <string Name="Ticks"/>
            <string Icon="annotationTree"/>
            <int Type="2"/>
            <int AxisType="4"/>
            <int Unit="10"/>
            <int Trafo="1"/>
          </AxisTicks>
          <Annotation name="Annotation">
            <string Font=",8.25,-1,5,50,0,0,0,0,0"/>
            <string Title="28_09a_6_1"/>
            <string Name="Annotation"/>
            <string Icon="annotationTree"/>
            <string FontString="Arial,8,-1,5,50,0,0,0,0,0"/>
            <int AxisType="4"/>
            <int Unit="10"/>
            <int Trafo="1"/>
          </Annotation>
          <AxisTitle name="Title">
            <string Font=",8.25,-1,5,50,0,0,0,0,0"/>
            <string Title="28_09a_6_1"/>
            <string Name="Title"/>
            <string Icon="annotationTree"/>
            <float AlignX="1"/>
            <int Orientation="1"/>
            <string FontString="Arial,8,-1,5,50,0,0,0,0,0"/>
            <int AxisType="4"/>
            <int Unit="10"/>
            <int Trafo="1"/>
            <string Text="DEFAULT"/>
          </AxisTitle>
        </Axis>
        <Axis name="Bottom: NoUnit">
          <string Font=",8.25,-1,5,50,0,0,0,0,0"/>
          <string Title="28_09a_6_1"/>
          <string Name="Bottom: NoUnit"/>
          <string Icon="annotationTree"/>
          <int AxisType="1"/>
          <int Unit="300"/>
          <AxisLine name="Line">
            <string Font=",8.25,-1,5,50,0,0,0,0,0"/>
            <string Title="28_09a_6_1"/>
            <string Name="Line"/>
            <string Icon="annotationTree"/>
            <int Type="2"/>
            <int AxisType="1"/>
            <int Unit="300"/>
          </AxisLine>
          <AxisTicks name="Ticks">
            <string Font=",8.25,-1,5,50,0,0,0,0,0"/>
            <string Title="28_09a_6_1"/>
            <string Name="Ticks"/>
            <string Icon="annotationTree"/>
            <int Type="2"/>
            <int AxisType="1"/>
            <int Unit="300"/>
          </AxisTicks>
          <Annotation name="Annotation">
            <string Font=",8.25,-1,5,50,0,0,0,0,0"/>
            <string Title="28_09a_6_1"/>
            <string Name="Annotation"/>
            <string Icon="annotationTree"/>
            <string FontString="Arial,8,-1,5,50,0,0,0,0,0"/>
            <int AxisType="1"/>
            <int Unit="300"/>
          </Annotation>
          <AxisTitle name="Title">
            <string Font=",8.25,-1,5,50,0,0,0,0,0"/>
            <string Title="28_09a_6_1"/>
            <string Name="Title"/>
            <string Icon="annotationTree"/>
            <float AlignY="1"/>
            <string FontString="Arial,8,-1,5,50,0,0,0,0,0"/>
            <int AxisType="1"/>
            <int Unit="300"/>
            <string Text="DEFAULT"/>
          </AxisTitle>
        </Axis>
        <Axis name="Top: NoUnit">
          <bool displayed="false"/>
          <string Font=",8.25,-1,5,50,0,0,0,0,0"/>
          <string Title="28_09a_6_1"/>
          <string Name="Top: NoUnit"/>
          <string Icon="annotationTree"/>
          <int AxisType="2"/>
          <int Unit="300"/>
          <AxisLine name="Line">
            <string Font=",8.25,-1,5,50,0,0,0,0,0"/>
            <string Title="28_09a_6_1"/>
            <string Name="Line"/>
            <string Icon="annotationTree"/>
            <int Type="2"/>
            <int AxisType="2"/>
            <int Unit="300"/>
          </AxisLine>
          <AxisTicks name="Ticks">
            <string Font=",8.25,-1,5,50,0,0,0,0,0"/>
            <string Title="28_09a_6_1"/>
            <string Name="Ticks"/>
            <string Icon="annotationTree"/>
            <int Type="2"/>
            <int AxisType="2"/>
            <int Unit="300"/>
          </AxisTicks>
          <Annotation name="Annotation">
            <string Font=",8.25,-1,5,50,0,0,0,0,0"/>
            <string Title="28_09a_6_1"/>
            <string Name="Annotation"/>
            <string Icon="annotationTree"/>
            <string FontString="Arial,8,-1,5,50,0,0,0,0,0"/>
            <int AxisType="2"/>
            <int Unit="300"/>
          </Annotation>
          <AxisTitle name="Title">
            <string Font=",8.25,-1,5,50,0,0,0,0,0"/>
            <string Title="28_09a_6_1"/>
            <string Name="Title"/>
            <string Icon="annotationTree"/>
            <string FontString="Arial,8,-1,5,50,0,0,0,0,0"/>
            <int AxisType="2"/>
            <int Unit="300"/>
            <string Text="DEFAULT"/>
          </AxisTitle>
        </Axis>
        <EmptyAxes name="Empty Axes">
          <bool displayed="true"/>
          <AxisLine name="RightAxis">
            <string Font=",8.25,-1,5,50,0,0,0,0,0"/>
            <string Title="28_09a_6_1"/>
            <string Name="RightAxis"/>
            <string Icon="annotationTree"/>
            <int Type="2"/>
            <int AxisType="8"/>
          </AxisLine>
          <AxisLine name="LeftAxis">
            <string Font=",8.25,-1,5,50,0,0,0,0,0"/>
            <string Title="28_09a_6_1"/>
            <string Name="LeftAxis"/>
            <string Icon="annotationTree"/>
            <int Type="2"/>
            <int AxisType="4"/>
          </AxisLine>
          <AxisLine name="TopAxis">
            <string Font=",8.25,-1,5,50,0,0,0,0,0"/>
            <string Title="28_09a_6_1"/>
            <string Name="TopAxis"/>
            <string Icon="annotationTree"/>
            <int Type="2"/>
            <int AxisType="2"/>
          </AxisLine>
          <AxisLine name="BottomAxis">
            <string Font=",8.25,-1,5,50,0,0,0,0,0"/>
            <string Title="28_09a_6_1"/>
            <string Name="BottomAxis"/>
            <string Icon="annotationTree"/>
            <int Type="2"/>
            <int AxisType="1"/>
          </AxisLine>
        </EmptyAxes>
      </Axes>
      <UnitScale name="Scale">
        <string Font=",8.25,-1,5,50,0,0,0,0,0"/>
        <string Title="28_09a_6_1"/>
        <string Name="Scale"/>
        <int XRangeType="1"/>
        <int XRangeUnit="60"/>
        <float XRangeFixMax="5000"/>
        <int YRangeType="1"/>
        <int YRangeUnit="10"/>
        <int YTrafo="1"/>
        <float YRangeFixMin="-10000"/>
        <float YRangeFixMax="0"/>
        <Curve name="Bulk Density">
          <bool displayed="false"/>
          <string Font=",8.25,-1,5,50,0,0,0,0,0"/>
          <string Title="28_09a_6_1"/>
          <string Name="Bulk Density"/>
          <int Type="3"/>
          <int UnitX="60"/>
          <int UnitY="10"/>
          <int YTrafo="1"/>
        </Curve>
      </UnitScale>
      <UnitScale name="Scale">
        <string Font=",8.25,-1,5,50,0,0,0,0,0"/>
        <string Title="28_09a_6_1"/>
        <string Name="Scale"/>
        <int XRangeType="1"/>
        <int XRangeUnit="122"/>
        <float XRangeFixMax="15"/>
        <int YRangeType="1"/>
        <int YRangeUnit="10"/>
        <int YTrafo="1"/>
        <float YRangeFixMin="-10000"/>
        <float YRangeFixMax="0"/>
        <Curve name="Seismic Velocity, Vp">
          <bool displayed="false"/>
          <string Font=",8.25,-1,5,50,0,0,0,0,0"/>
          <string Title="28_09a_6_1"/>
          <string Name="Seismic Velocity, Vp"/>
          <int Type="3"/>
          <int UnitX="122"/>
          <int UnitY="10"/>
          <int YTrafo="1"/>
        </Curve>
      </UnitScale>
      <UnitScale name="Scale">
        <string Font=",8.25,-1,5,50,0,0,0,0,0"/>
        <string Title="28_09a_6_1"/>
        <string Name="Scale"/>
        <int XRangeType="1"/>
        <int XRangeUnit="300"/>
        <int YRangeType="1"/>
        <int YRangeUnit="10"/>
        <int YTrafo="1"/>
        <float YRangeFixMin="-10000"/>
        <float YRangeFixMax="0"/>
        <Curve name="HCAL (new)_0507">
          <bool displayed="false"/>
          <string Font=",8.25,-1,5,50,0,0,0,0,0"/>
          <string Title="28_09a_6_1"/>
          <string Name="HCAL (new)_0507"/>
          <int Type="3"/>
          <color LineRGBA="4278190335"/>
          <int UnitX="300"/>
          <int UnitY="10"/>
          <int YTrafo="1"/>
        </Curve>
        <Curve name="SPHI (new)_0507">
          <bool displayed="false"/>
          <string Font=",8.25,-1,5,50,0,0,0,0,0"/>
          <string Title="28_09a_6_1"/>
          <string Name="SPHI (new)_0507"/>
          <int Type="3"/>
          <color LineRGBA="4278190335"/>
          <int UnitX="300"/>
          <int UnitY="10"/>
          <int YTrafo="1"/>
        </Curve>
        <Curve name="TNPH (new)_0507">
          <bool displayed="false"/>
          <string Font=",8.25,-1,5,50,0,0,0,0,0"/>
          <string Title="28_09a_6_1"/>
          <string Name="TNPH (new)_0507"/>
          <int Type="3"/>
          <color LineRGBA="4278190335"/>
          <int UnitX="300"/>
          <int UnitY="10"/>
          <int YTrafo="1"/>
        </Curve>
        <Curve name="RLA5 (new)_05A07">
          <bool displayed="false"/>
          <string Font=",8.25,-1,5,50,0,0,0,0,0"/>
          <string Title="28_09a_6_1"/>
          <string Name="RLA5 (new)_05A07"/>
          <int Type="3"/>
          <color LineRGBA="4278190335"/>
          <int UnitX="300"/>
          <int UnitY="10"/>
          <int YTrafo="1"/>
        </Curve>
        <Curve name="Velocity (TDR): v=v0+kz, v0=2629.52720324, k=-3.85880869, z0=-1627.57479908">
          <bool displayed="false"/>
          <string Font=",8.25,-1,5,50,0,0,0,0,0"/>
          <string Title="28_09a_6_1"/>
          <string Name="Velocity (TDR): v=v0+kz, v0=2629.52720324, k=-3.85880869, z0=-1627.57479908"/>
          <int Type="3"/>
          <color LineRGBA="4278190335"/>
          <int UnitX="300"/>
          <int UnitY="10"/>
          <int YTrafo="1"/>
        </Curve>
        <Curve name="Twt (TDR): v=v0+kz, v0=2629.52720324, k=-3.85880869, z0=-1627.57479908">
          <bool displayed="false"/>
          <string Font=",8.25,-1,5,50,0,0,0,0,0"/>
          <string Title="28_09a_6_1"/>
          <string Name="Twt (TDR): v=v0+kz, v0=2629.52720324, k=-3.85880869, z0=-1627.57479908"/>
          <int Type="3"/>
          <color LineRGBA="4278190335"/>
          <int UnitX="300"/>
          <int UnitY="10"/>
          <int YTrafo="1"/>
        </Curve>
        <Curve name="Velocity (TDR): v=v0+kz, v0=2571.85788390, k=-0.36570031, z0=-863.24068991">
          <bool displayed="false"/>
          <string Font=",8.25,-1,5,50,0,0,0,0,0"/>
          <string Title="28_09a_6_1"/>
          <string Name="Velocity (TDR): v=v0+kz, v0=2571.85788390, k=-0.36570031, z0=-863.24068991"/>
          <int Type="3"/>
          <color LineRGBA="4278190335"/>
          <int UnitX="300"/>
          <int UnitY="10"/>
          <int YTrafo="1"/>
        </Curve>
        <Curve name="Twt (TDR): v=v0+kz, v0=2571.85788390, k=-0.36570031, z0=-863.24068991">
          <bool displayed="false"/>
          <string Font=",8.25,-1,5,50,0,0,0,0,0"/>
          <string Title="28_09a_6_1"/>
          <string Name="Twt (TDR): v=v0+kz, v0=2571.85788390, k=-0.36570031, z0=-863.24068991"/>
          <int Type="3"/>
          <color LineRGBA="4278190335"/>
          <int UnitX="300"/>
          <int UnitY="10"/>
          <int YTrafo="1"/>
        </Curve>
        <Curve name="Velocity (TDR): v=v0+kz, v0=1929.26204924, k=-0.00286541, z0=-91.22866595">
          <bool displayed="false"/>
          <string Font=",8.25,-1,5,50,0,0,0,0,0"/>
          <string Title="28_09a_6_1"/>
          <string Name="Velocity (TDR): v=v0+kz, v0=1929.26204924, k=-0.00286541, z0=-91.22866595"/>
          <int Type="3"/>
          <color LineRGBA="4278190335"/>
          <int UnitX="300"/>
          <int UnitY="10"/>
          <int YTrafo="1"/>
        </Curve>
        <Curve name="Twt (TDR): v=v0+kz, v0=1929.26204924, k=-0.00286541, z0=-91.22866595">
          <bool displayed="false"/>
          <string Font=",8.25,-1,5,50,0,0,0,0,0"/>
          <string Title="28_09a_6_1"/>
          <string Name="Twt (TDR): v=v0+kz, v0=1929.26204924, k=-0.00286541, z0=-91.22866595"/>
          <int Type="3"/>
          <color LineRGBA="4278190335"/>
          <int UnitX="300"/>
          <int UnitY="10"/>
          <int YTrafo="1"/>
        </Curve>
        <Curve name="Velocity (TDR): v=v0+kz, v0=2629.52143515, k=-3.85880830, z0=-1627.57500555">
          <bool displayed="false"/>
          <string Font=",8.25,-1,5,50,0,0,0,0,0"/>
          <string Title="28_09a_6_1"/>
          <string Name="Velocity (TDR): v=v0+kz, v0=2629.52143515, k=-3.85880830, z0=-1627.57500555"/>
          <int Type="3"/>
          <color LineRGBA="4278190335"/>
          <int UnitX="300"/>
          <int UnitY="10"/>
          <int YTrafo="1"/>
        </Curve>
        <Curve name="Twt (TDR): v=v0+kz, v0=2629.52143515, k=-3.85880830, z0=-1627.57500555">
          <bool displayed="false"/>
          <string Font=",8.25,-1,5,50,0,0,0,0,0"/>
          <string Title="28_09a_6_1"/>
          <string Name="Twt (TDR): v=v0+kz, v0=2629.52143515, k=-3.85880830, z0=-1627.57500555"/>
          <int Type="3"/>
          <color LineRGBA="4278190335"/>
          <int UnitX="300"/>
          <int UnitY="10"/>
          <int YTrafo="1"/>
        </Curve>
        <Curve name="Velocity (TDR): v=v0+kz, v0=2282.79717011, k=-0.36570038, z0=-924.66474588">
          <bool displayed="false"/>
          <string Font=",8.25,-1,5,50,0,0,0,0,0"/>
          <string Title="28_09a_6_1"/>
          <string Name="Velocity (TDR): v=v0+kz, v0=2282.79717011, k=-0.36570038, z0=-924.66474588"/>
          <int Type="3"/>
          <color LineRGBA="4278190335"/>
          <int UnitX="300"/>
          <int UnitY="10"/>
          <int YTrafo="1"/>
        </Curve>
        <Curve name="Twt (TDR): v=v0+kz, v0=2282.79717011, k=-0.36570038, z0=-924.66474588">
          <bool displayed="false"/>
          <string Font=",8.25,-1,5,50,0,0,0,0,0"/>
          <string Title="28_09a_6_1"/>
          <string Name="Twt (TDR): v=v0+kz, v0=2282.79717011, k=-0.36570038, z0=-924.66474588"/>
          <int Type="3"/>
          <color LineRGBA="4278190335"/>
          <int UnitX="300"/>
          <int UnitY="10"/>
          <int YTrafo="1"/>
        </Curve>
        <Curve name="Velocity (TDR): v=v0+kz, v0=1925.87408774, k=-0.00286542, z0=-92.26595462_2">
          <bool displayed="false"/>
          <string Font=",8.25,-1,5,50,0,0,0,0,0"/>
          <string Title="28_09a_6_1"/>
          <string Name="Velocity (TDR): v=v0+kz, v0=1925.87408774, k=-0.00286542, z0=-92.26595462_2"/>
          <int Type="3"/>
          <color LineRGBA="4278190335"/>
          <int UnitX="300"/>
          <int UnitY="10"/>
          <int YTrafo="1"/>
        </Curve>
        <Curve name="Twt (TDR): v=v0+kz, v0=1925.87408774, k=-0.00286542, z0=-92.26595462_2">
          <bool displayed="false"/>
          <string Font=",8.25,-1,5,50,0,0,0,0,0"/>
          <string Title="28_09a_6_1"/>
          <string Name="Twt (TDR): v=v0+kz, v0=1925.87408774, k=-0.00286542, z0=-92.26595462_2"/>
          <int Type="3"/>
          <color LineRGBA="4278190335"/>
          <int UnitX="300"/>
          <int UnitY="10"/>
          <int YTrafo="1"/>
        </Curve>
        <Curve name="Velocity (TDR): v=v0+kz, v0=2629.52777683, k=-3.85880869, z0=-1627.57477862_1">
          <bool displayed="false"/>
          <string Font=",8.25,-1,5,50,0,0,0,0,0"/>
          <string Title="28_09a_6_1"/>
          <string Name="Velocity (TDR): v=v0+kz, v0=2629.52777683, k=-3.85880869, z0=-1627.57477862_1"/>
          <int Type="3"/>
          <color LineRGBA="4278190335"/>
          <int UnitX="300"/>
          <int UnitY="10"/>
          <int YTrafo="1"/>
        </Curve>
        <Curve name="Twt (TDR): v=v0+kz, v0=2629.52777683, k=-3.85880869, z0=-1627.57477862_1">
          <bool displayed="false"/>
          <string Font=",8.25,-1,5,50,0,0,0,0,0"/>
          <string Title="28_09a_6_1"/>
          <string Name="Twt (TDR): v=v0+kz, v0=2629.52777683, k=-3.85880869, z0=-1627.57477862_1"/>
          <int Type="3"/>
          <color LineRGBA="4278190335"/>
          <int UnitX="300"/>
          <int UnitY="10"/>
          <int YTrafo="1"/>
        </Curve>
        <Curve name="Velocity (TDR): v=v0+kz, v0=1932.05571675, k=-0.36570034, z0=-999.19567936_1">
          <bool displayed="false"/>
          <string Font=",8.25,-1,5,50,0,0,0,0,0"/>
          <string Title="28_09a_6_1"/>
          <string Name="Velocity (TDR): v=v0+kz, v0=1932.05571675, k=-0.36570034, z0=-999.19567936_1"/>
          <int Type="3"/>
          <color LineRGBA="4278190335"/>
          <int UnitX="300"/>
          <int UnitY="10"/>
          <int YTrafo="1"/>
        </Curve>
        <Curve name="Twt (TDR): v=v0+kz, v0=1932.05571675, k=-0.36570034, z0=-999.19567936_1">
          <bool displayed="false"/>
          <string Font=",8.25,-1,5,50,0,0,0,0,0"/>
          <string Title="28_09a_6_1"/>
          <string Name="Twt (TDR): v=v0+kz, v0=1932.05571675, k=-0.36570034, z0=-999.19567936_1"/>
          <int Type="3"/>
          <color LineRGBA="4278190335"/>
          <int UnitX="300"/>
          <int UnitY="10"/>
          <int YTrafo="1"/>
        </Curve>
        <Curve name="Velocity (TDR): v=v0+kz, v0=1925.87408774, k=-0.00286542, z0=-92.26595462_1">
          <bool displayed="false"/>
          <string Font=",8.25,-1,5,50,0,0,0,0,0"/>
          <string Title="28_09a_6_1"/>
          <string Name="Velocity (TDR): v=v0+kz, v0=1925.87408774, k=-0.00286542, z0=-92.26595462_1"/>
          <int Type="3"/>
          <color LineRGBA="4278190335"/>
          <int UnitX="300"/>
          <int UnitY="10"/>
          <int YTrafo="1"/>
        </Curve>
        <Curve name="Twt (TDR): v=v0+kz, v0=1925.87408774, k=-0.00286542, z0=-92.26595462_1">
          <bool displayed="false"/>
          <string Font=",8.25,-1,5,50,0,0,0,0,0"/>
          <string Title="28_09a_6_1"/>
          <string Name="Twt (TDR): v=v0+kz, v0=1925.87408774, k=-0.00286542, z0=-92.26595462_1"/>
          <int Type="3"/>
          <color LineRGBA="4278190335"/>
          <int UnitX="300"/>
          <int UnitY="10"/>
          <int YTrafo="1"/>
        </Curve>
        <Curve name="Velocity (TDR): v=v0+kz, v0=2629.52777683, k=-3.85880869, z0=-1627.57477862">
          <bool displayed="false"/>
          <string Font=",8.25,-1,5,50,0,0,0,0,0"/>
          <string Title="28_09a_6_1"/>
          <string Name="Velocity (TDR): v=v0+kz, v0=2629.52777683, k=-3.85880869, z0=-1627.57477862"/>
          <int Type="3"/>
          <color LineRGBA="4278190335"/>
          <int UnitX="300"/>
          <int UnitY="10"/>
          <int YTrafo="1"/>
        </Curve>
        <Curve name="Twt (TDR): v=v0+kz, v0=2629.52777683, k=-3.85880869, z0=-1627.57477862">
          <bool displayed="false"/>
          <string Font=",8.25,-1,5,50,0,0,0,0,0"/>
          <string Title="28_09a_6_1"/>
          <string Name="Twt (TDR): v=v0+kz, v0=2629.52777683, k=-3.85880869, z0=-1627.57477862"/>
          <int Type="3"/>
          <color LineRGBA="4278190335"/>
          <int UnitX="300"/>
          <int UnitY="10"/>
          <int YTrafo="1"/>
        </Curve>
        <Curve name="Velocity (TDR): v=v0+kz, v0=1932.05571675, k=-0.36570034, z0=-999.19567936">
          <bool displayed="false"/>
          <string Font=",8.25,-1,5,50,0,0,0,0,0"/>
          <string Title="28_09a_6_1"/>
          <string Name="Velocity (TDR): v=v0+kz, v0=1932.05571675, k=-0.36570034, z0=-999.19567936"/>
          <int Type="3"/>
          <color LineRGBA="4278190335"/>
          <int UnitX="300"/>
          <int UnitY="10"/>
          <int YTrafo="1"/>
        </Curve>
        <Curve name="Twt (TDR): v=v0+kz, v0=1932.05571675, k=-0.36570034, z0=-999.19567936">
          <bool displayed="false"/>
          <string Font=",8.25,-1,5,50,0,0,0,0,0"/>
          <string Title="28_09a_6_1"/>
          <string Name="Twt (TDR): v=v0+kz, v0=1932.05571675, k=-0.36570034, z0=-999.19567936"/>
          <int Type="3"/>
          <color LineRGBA="4278190335"/>
          <int UnitX="300"/>
          <int UnitY="10"/>
          <int YTrafo="1"/>
        </Curve>
        <Curve name="Velocity (TDR): v=v0+kz, v0=1925.87408774, k=-0.00286542, z0=-92.26595462">
          <bool displayed="false"/>
          <string Font=",8.25,-1,5,50,0,0,0,0,0"/>
          <string Title="28_09a_6_1"/>
          <string Name="Velocity (TDR): v=v0+kz, v0=1925.87408774, k=-0.00286542, z0=-92.26595462"/>
          <int Type="3"/>
          <color LineRGBA="4278190335"/>
          <int UnitX="300"/>
          <int UnitY="10"/>
          <int YTrafo="1"/>
        </Curve>
        <Curve name="Twt (TDR): v=v0+kz, v0=1925.87408774, k=-0.00286542, z0=-92.26595462">
          <bool displayed="false"/>
          <string Font=",8.25,-1,5,50,0,0,0,0,0"/>
          <string Title="28_09a_6_1"/>
          <string Name="Twt (TDR): v=v0+kz, v0=1925.87408774, k=-0.00286542, z0=-92.26595462"/>
          <int Type="3"/>
          <color LineRGBA="4278190335"/>
          <int UnitX="300"/>
          <int UnitY="10"/>
          <int YTrafo="1"/>
        </Curve>
        <Curve name="DT4P (new)_2805a07">
          <bool displayed="false"/>
          <string Font=",8.25,-1,5,50,0,0,0,0,0"/>
          <string Title="28_09a_6_1"/>
          <string Name="DT4P (new)_2805a07"/>
          <int Type="3"/>
          <color LineRGBA="4278190335"/>
          <int UnitX="300"/>
          <int UnitY="10"/>
          <int YTrafo="1"/>
        </Curve>
        <Curve name="DT1 (new)_2805a07">
          <bool displayed="false"/>
          <string Font=",8.25,-1,5,50,0,0,0,0,0"/>
          <string Title="28_09a_6_1"/>
          <string Name="DT1 (new)_2805a07"/>
          <int Type="3"/>
          <color LineRGBA="4278190335"/>
          <int UnitX="300"/>
          <int UnitY="10"/>
          <int YTrafo="1"/>
        </Curve>
        <Curve name="GR (new)">
          <bool displayed="false"/>
          <string Font=",8.25,-1,5,50,0,0,0,0,0"/>
          <string Title="28_09a_6_1"/>
          <string Name="GR (new)"/>
          <int Type="3"/>
          <color LineRGBA="4278190335"/>
          <int UnitX="300"/>
          <int UnitY="10"/>
          <int YTrafo="1"/>
        </Curve>
        <Curve name="RHOZ (new)_2805a07">
          <bool displayed="false"/>
          <string Font=",8.25,-1,5,50,0,0,0,0,0"/>
          <string Title="28_09a_6_1"/>
          <string Name="RHOZ (new)_2805a07"/>
          <int Type="3"/>
          <color LineRGBA="4278190335"/>
          <int UnitX="300"/>
          <int UnitY="10"/>
          <int YTrafo="1"/>
        </Curve>
        <Curve name="SROP">
          <bool displayed="false"/>
          <string Font=",8.25,-1,5,50,0,0,0,0,0"/>
          <string Title="28_09a_6_1"/>
          <string Name="SROP"/>
          <int Type="3"/>
          <color LineRGBA="4278190335"/>
          <int UnitX="300"/>
          <int UnitY="10"/>
          <int YTrafo="1"/>
        </Curve>
        <Curve name="SHAL">
          <bool displayed="false"/>
          <string Font=",8.25,-1,5,50,0,0,0,0,0"/>
          <string Title="28_09a_6_1"/>
          <string Name="SHAL"/>
          <int Type="3"/>
          <color LineRGBA="4278190335"/>
          <int UnitX="300"/>
          <int UnitY="10"/>
          <int YTrafo="1"/>
        </Curve>
        <Curve name="HURA">
          <bool displayed="false"/>
          <string Font=",8.25,-1,5,50,0,0,0,0,0"/>
          <string Title="28_09a_6_1"/>
          <string Name="HURA"/>
          <int Type="3"/>
          <color LineRGBA="4278190335"/>
          <int UnitX="300"/>
          <int UnitY="10"/>
          <int YTrafo="1"/>
        </Curve>
        <Curve name="HUPR">
          <bool displayed="false"/>
          <string Font=",8.25,-1,5,50,0,0,0,0,0"/>
          <string Title="28_09a_6_1"/>
          <string Name="HUPR"/>
          <int Type="3"/>
          <color LineRGBA="4278190335"/>
          <int UnitX="300"/>
          <int UnitY="10"/>
          <int YTrafo="1"/>
        </Curve>
        <Curve name="HTUR">
          <bool displayed="false"/>
          <string Font=",8.25,-1,5,50,0,0,0,0,0"/>
          <string Title="28_09a_6_1"/>
          <string Name="HTUR"/>
          <int Type="3"/>
          <color LineRGBA="4278190335"/>
          <int UnitX="300"/>
          <int UnitY="10"/>
          <int YTrafo="1"/>
        </Curve>
        <Curve name="HTPR">
          <bool displayed="false"/>
          <string Font=",8.25,-1,5,50,0,0,0,0,0"/>
          <string Title="28_09a_6_1"/>
          <string Name="HTPR"/>
          <int Type="3"/>
          <color LineRGBA="4278190335"/>
          <int UnitX="300"/>
          <int UnitY="10"/>
          <int YTrafo="1"/>
        </Curve>
        <Curve name="HTHO">
          <bool displayed="false"/>
          <string Font=",8.25,-1,5,50,0,0,0,0,0"/>
          <string Title="28_09a_6_1"/>
          <string Name="HTHO"/>
          <int Type="3"/>
          <color LineRGBA="4278190335"/>
          <int UnitX="300"/>
          <int UnitY="10"/>
          <int YTrafo="1"/>
        </Curve>
        <Curve name="HFK">
          <bool displayed="false"/>
          <string Font=",8.25,-1,5,50,0,0,0,0,0"/>
          <string Title="28_09a_6_1"/>
          <string Name="HFK"/>
          <int Type="3"/>
          <color LineRGBA="4278190335"/>
          <int UnitX="300"/>
          <int UnitY="10"/>
          <int YTrafo="1"/>
        </Curve>
        <Curve name="HBHK">
          <bool displayed="false"/>
          <string Font=",8.25,-1,5,50,0,0,0,0,0"/>
          <string Title="28_09a_6_1"/>
          <string Name="HBHK"/>
          <int Type="3"/>
          <color LineRGBA="4278190335"/>
          <int UnitX="300"/>
          <int UnitY="10"/>
          <int YTrafo="1"/>
        </Curve>
        <Curve name="GR_RES">
          <bool displayed="false"/>
          <string Font=",8.25,-1,5,50,0,0,0,0,0"/>
          <string Title="28_09a_6_1"/>
          <string Name="GR_RES"/>
          <int Type="3"/>
          <color LineRGBA="4278190335"/>
          <int UnitX="300"/>
          <int UnitY="10"/>
          <int YTrafo="1"/>
        </Curve>
        <Curve name="ESHAL">
          <bool displayed="false"/>
          <string Font=",8.25,-1,5,50,0,0,0,0,0"/>
          <string Title="28_09a_6_1"/>
          <string Name="ESHAL"/>
          <int Type="3"/>
          <color LineRGBA="4278190335"/>
          <int UnitX="300"/>
          <int UnitY="10"/>
          <int YTrafo="1"/>
        </Curve>
        <Curve name="DEEP">
          <bool displayed="false"/>
          <string Font=",8.25,-1,5,50,0,0,0,0,0"/>
          <string Title="28_09a_6_1"/>
          <string Name="DEEP"/>
          <int Type="3"/>
          <color LineRGBA="4278190335"/>
          <int UnitX="300"/>
          <int UnitY="10"/>
          <int YTrafo="1"/>
        </Curve>
        <Curve name="CGRC">
          <bool displayed="false"/>
          <string Font=",8.25,-1,5,50,0,0,0,0,0"/>
          <string Title="28_09a_6_1"/>
          <string Name="CGRC"/>
          <int Type="3"/>
          <color LineRGBA="4278190335"/>
          <int UnitX="300"/>
          <int UnitY="10"/>
          <int YTrafo="1"/>
        </Curve>
        <Curve name="CEXP">
          <bool displayed="false"/>
          <string Font=",8.25,-1,5,50,0,0,0,0,0"/>
          <string Title="28_09a_6_1"/>
          <string Name="CEXP"/>
          <int Type="3"/>
          <color LineRGBA="4278190335"/>
          <int UnitX="300"/>
          <int UnitY="10"/>
          <int YTrafo="1"/>
        </Curve>
        <Curve name="CEXA">
          <bool displayed="false"/>
          <string Font=",8.25,-1,5,50,0,0,0,0,0"/>
          <string Title="28_09a_6_1"/>
          <string Name="CEXA"/>
          <int Type="3"/>
          <color LineRGBA="4278190335"/>
          <int UnitX="300"/>
          <int UnitY="10"/>
          <int YTrafo="1"/>
        </Curve>
        <Curve name="CESP">
          <bool displayed="false"/>
          <string Font=",8.25,-1,5,50,0,0,0,0,0"/>
          <string Title="28_09a_6_1"/>
          <string Name="CESP"/>
          <int Type="3"/>
          <color LineRGBA="4278190335"/>
          <int UnitX="300"/>
          <int UnitY="10"/>
          <int YTrafo="1"/>
        </Curve>
        <Curve name="CESA">
          <bool displayed="false"/>
          <string Font=",8.25,-1,5,50,0,0,0,0,0"/>
          <string Title="28_09a_6_1"/>
          <string Name="CESA"/>
          <int Type="3"/>
          <color LineRGBA="4278190335"/>
          <int UnitX="300"/>
          <int UnitY="10"/>
          <int YTrafo="1"/>
        </Curve>
        <Curve name="CEMP">
          <bool displayed="false"/>
          <string Font=",8.25,-1,5,50,0,0,0,0,0"/>
          <string Title="28_09a_6_1"/>
          <string Name="CEMP"/>
          <int Type="3"/>
          <color LineRGBA="4278190335"/>
          <int UnitX="300"/>
          <int UnitY="10"/>
          <int YTrafo="1"/>
        </Curve>
        <Curve name="CEMA">
          <bool displayed="false"/>
          <string Font=",8.25,-1,5,50,0,0,0,0,0"/>
          <string Title="28_09a_6_1"/>
          <string Name="CEMA"/>
          <int Type="3"/>
          <color LineRGBA="4278190335"/>
          <int UnitX="300"/>
          <int UnitY="10"/>
          <int YTrafo="1"/>
        </Curve>
        <Curve name="CEDP">
          <bool displayed="false"/>
          <string Font=",8.25,-1,5,50,0,0,0,0,0"/>
          <string Title="28_09a_6_1"/>
          <string Name="CEDP"/>
          <int Type="3"/>
          <color LineRGBA="4278190335"/>
          <int UnitX="300"/>
          <int UnitY="10"/>
          <int YTrafo="1"/>
        </Curve>
        <Curve name="CEDA">
          <bool displayed="false"/>
          <string Font=",8.25,-1,5,50,0,0,0,0,0"/>
          <string Title="28_09a_6_1"/>
          <string Name="CEDA"/>
          <int Type="3"/>
          <color LineRGBA="4278190335"/>
          <int UnitX="300"/>
          <int UnitY="10"/>
          <int YTrafo="1"/>
        </Curve>
        <Curve name="RXOZ">
          <bool displayed="false"/>
          <string Font=",8.25,-1,5,50,0,0,0,0,0"/>
          <string Title="28_09a_6_1"/>
          <string Name="RXOZ"/>
          <int Type="3"/>
          <color LineRGBA="4278190335"/>
          <int UnitX="300"/>
          <int UnitY="10"/>
          <int YTrafo="1"/>
        </Curve>
        <Curve name="NPOR">
          <bool displayed="false"/>
          <string Font=",8.25,-1,5,50,0,0,0,0,0"/>
          <string Title="28_09a_6_1"/>
          <string Name="NPOR"/>
          <int Type="3"/>
          <color LineRGBA="4278190335"/>
          <int UnitX="300"/>
          <int UnitY="10"/>
          <int YTrafo="1"/>
        </Curve>
        <Curve name="HSGR">
          <bool displayed="false"/>
          <string Font=",8.25,-1,5,50,0,0,0,0,0"/>
          <string Title="28_09a_6_1"/>
          <string Name="HSGR"/>
          <int Type="3"/>
          <color LineRGBA="4278190335"/>
          <int UnitX="300"/>
          <int UnitY="10"/>
          <int YTrafo="1"/>
        </Curve>
        <Curve name="HGR">
          <bool displayed="false"/>
          <string Font=",8.25,-1,5,50,0,0,0,0,0"/>
          <string Title="28_09a_6_1"/>
          <string Name="HGR"/>
          <int Type="3"/>
          <color LineRGBA="4278190335"/>
          <int UnitX="300"/>
          <int UnitY="10"/>
          <int YTrafo="1"/>
        </Curve>
        <Curve name="HCGR">
          <bool displayed="false"/>
          <string Font=",8.25,-1,5,50,0,0,0,0,0"/>
          <string Title="28_09a_6_1"/>
          <string Name="HCGR"/>
          <int Type="3"/>
          <color LineRGBA="4278190335"/>
          <int UnitX="300"/>
          <int UnitY="10"/>
          <int YTrafo="1"/>
        </Curve>
        <Curve name="DPHZ">
          <bool displayed="false"/>
          <string Font=",8.25,-1,5,50,0,0,0,0,0"/>
          <string Title="28_09a_6_1"/>
          <string Name="DPHZ"/>
          <int Type="3"/>
          <color LineRGBA="4278190335"/>
          <int UnitX="300"/>
          <int UnitY="10"/>
          <int YTrafo="1"/>
        </Curve>
        <Curve name="DCAL">
          <bool displayed="false"/>
          <string Font=",8.25,-1,5,50,0,0,0,0,0"/>
          <string Title="28_09a_6_1"/>
          <string Name="DCAL"/>
          <int Type="3"/>
          <color LineRGBA="4278190335"/>
          <int UnitX="300"/>
          <int UnitY="10"/>
          <int YTrafo="1"/>
        </Curve>
        <Curve name="BS">
          <bool displayed="false"/>
          <string Font=",8.25,-1,5,50,0,0,0,0,0"/>
          <string Title="28_09a_6_1"/>
          <string Name="BS"/>
          <int Type="3"/>
          <color LineRGBA="4278190335"/>
          <int UnitX="300"/>
          <int UnitY="10"/>
          <int YTrafo="1"/>
        </Curve>
        <Curve name="RLA5">
          <bool displayed="false"/>
          <string Font=",8.25,-1,5,50,0,0,0,0,0"/>
          <string Title="28_09a_6_1"/>
          <string Name="RLA5"/>
          <int Type="3"/>
          <color LineRGBA="4278190335"/>
          <int UnitX="300"/>
          <int UnitY="10"/>
          <int YTrafo="1"/>
        </Curve>
        <Curve name="RLA4">
          <bool displayed="false"/>
          <string Font=",8.25,-1,5,50,0,0,0,0,0"/>
          <string Title="28_09a_6_1"/>
          <string Name="RLA4"/>
          <int Type="3"/>
          <color LineRGBA="4278190335"/>
          <int UnitX="300"/>
          <int UnitY="10"/>
          <int YTrafo="1"/>
        </Curve>
        <Curve name="RLA3">
          <bool displayed="false"/>
          <string Font=",8.25,-1,5,50,0,0,0,0,0"/>
          <string Title="28_09a_6_1"/>
          <string Name="RLA3"/>
          <int Type="3"/>
          <color LineRGBA="4278190335"/>
          <int UnitX="300"/>
          <int UnitY="10"/>
          <int YTrafo="1"/>
        </Curve>
        <Curve name="RLA2">
          <bool displayed="false"/>
          <string Font=",8.25,-1,5,50,0,0,0,0,0"/>
          <string Title="28_09a_6_1"/>
          <string Name="RLA2"/>
          <int Type="3"/>
          <color LineRGBA="4278190335"/>
          <int UnitX="300"/>
          <int UnitY="10"/>
          <int YTrafo="1"/>
        </Curve>
        <Curve name="RLA1">
          <bool displayed="false"/>
          <string Font=",8.25,-1,5,50,0,0,0,0,0"/>
          <string Title="28_09a_6_1"/>
          <string Name="RLA1"/>
          <int Type="3"/>
          <color LineRGBA="4278190335"/>
          <int UnitX="300"/>
          <int UnitY="10"/>
          <int YTrafo="1"/>
        </Curve>
        <Curve name="HMNO">
          <bool displayed="false"/>
          <string Font=",8.25,-1,5,50,0,0,0,0,0"/>
          <string Title="28_09a_6_1"/>
          <string Name="HMNO"/>
          <int Type="3"/>
          <color LineRGBA="4278190335"/>
          <int UnitX="300"/>
          <int UnitY="10"/>
          <int YTrafo="1"/>
        </Curve>
        <Curve name="HMIN">
          <bool displayed="false"/>
          <string Font=",8.25,-1,5,50,0,0,0,0,0"/>
          <string Title="28_09a_6_1"/>
          <string Name="HMIN"/>
          <int Type="3"/>
          <color LineRGBA="4278190335"/>
          <int UnitX="300"/>
          <int UnitY="10"/>
          <int YTrafo="1"/>
        </Curve>
        <Curve name="DT4P">
          <bool displayed="false"/>
          <string Font=",8.25,-1,5,50,0,0,0,0,0"/>
          <string Title="28_09a_6_1"/>
          <string Name="DT4P"/>
          <int Type="3"/>
          <color LineRGBA="4278190335"/>
          <int UnitX="300"/>
          <int UnitY="10"/>
          <int YTrafo="1"/>
        </Curve>
        <Curve name="DT1">
          <bool displayed="false"/>
          <string Font=",8.25,-1,5,50,0,0,0,0,0"/>
          <string Title="28_09a_6_1"/>
          <string Name="DT1"/>
          <int Type="3"/>
          <color LineRGBA="4278190335"/>
          <int UnitX="300"/>
          <int UnitY="10"/>
          <int YTrafo="1"/>
        </Curve>
        <Curve name="SP">
          <bool displayed="false"/>
          <string Font=",8.25,-1,5,50,0,0,0,0,0"/>
          <string Title="28_09a_6_1"/>
          <string Name="SP"/>
          <int Type="3"/>
          <color LineRGBA="4278190335"/>
          <int UnitX="300"/>
          <int UnitY="10"/>
          <int YTrafo="1"/>
        </Curve>
        <Curve name="One-way time 2">
          <bool displayed="false"/>
          <string Font=",8.25,-1,5,50,0,0,0,0,0"/>
          <string Title="28_09a_6_1"/>
          <string Name="One-way time 2"/>
          <int Type="3"/>
          <color LineRGBA="4278190335"/>
          <int UnitX="300"/>
          <int UnitY="10"/>
          <int YTrafo="1"/>
        </Curve>
        <Curve name="One-way time 1">
          <bool displayed="false"/>
          <string Font=",8.25,-1,5,50,0,0,0,0,0"/>
          <string Title="28_09a_6_1"/>
          <string Name="One-way time 1"/>
          <int Type="3"/>
          <color LineRGBA="4278190335"/>
          <int UnitX="300"/>
          <int UnitY="10"/>
          <int YTrafo="1"/>
        </Curve>
        <Curve name="Calibrated sonic">
          <bool displayed="false"/>
          <string Font=",8.25,-1,5,50,0,0,0,0,0"/>
          <string Title="28_09a_6_1"/>
          <string Name="Calibrated sonic"/>
          <int Type="3"/>
          <color LineRGBA="4278190335"/>
          <int UnitX="300"/>
          <int UnitY="10"/>
          <int YTrafo="1"/>
        </Curve>
        <Curve name="Residual drift log">
          <bool displayed="false"/>
          <string Font=",8.25,-1,5,50,0,0,0,0,0"/>
          <string Title="28_09a_6_1"/>
          <string Name="Residual drift log"/>
          <int Type="3"/>
          <color LineRGBA="4278190335"/>
          <int UnitX="300"/>
          <int UnitY="10"/>
          <int YTrafo="1"/>
        </Curve>
        <Curve name="Calibrated sonic log">
          <bool displayed="false"/>
          <string Font=",8.25,-1,5,50,0,0,0,0,0"/>
          <string Title="28_09a_6_1"/>
          <string Name="Calibrated sonic log"/>
          <int Type="3"/>
          <color LineRGBA="4278190335"/>
          <int UnitX="300"/>
          <int UnitY="10"/>
          <int YTrafo="1"/>
        </Curve>
        <Curve name="Output interval velocity">
          <bool displayed="false"/>
          <string Font=",8.25,-1,5,50,0,0,0,0,0"/>
          <string Title="28_09a_6_1"/>
          <string Name="Output interval velocity"/>
          <int Type="3"/>
          <color LineRGBA="4278190335"/>
          <int UnitX="300"/>
          <int UnitY="10"/>
          <int YTrafo="1"/>
        </Curve>
        <Curve name="Input interval velocity">
          <bool displayed="false"/>
          <string Font=",8.25,-1,5,50,0,0,0,0,0"/>
          <string Title="28_09a_6_1"/>
          <string Name="Input interval velocity"/>
          <int Type="3"/>
          <color LineRGBA="4278190335"/>
          <int UnitX="300"/>
          <int UnitY="10"/>
          <int YTrafo="1"/>
        </Curve>
        <Curve name="PEFZ">
          <bool displayed="false"/>
          <string Font=",8.25,-1,5,50,0,0,0,0,0"/>
          <string Title="28_09a_6_1"/>
          <string Name="PEFZ"/>
          <int Type="3"/>
          <color LineRGBA="4278190335"/>
          <int UnitX="300"/>
          <int UnitY="10"/>
          <int YTrafo="1"/>
        </Curve>
        <Curve name="GR_SPL">
          <bool displayed="false"/>
          <string Font=",8.25,-1,5,50,0,0,0,0,0"/>
          <string Title="28_09a_6_1"/>
          <string Name="GR_SPL"/>
          <int Type="3"/>
          <color LineRGBA="4278190335"/>
          <int UnitX="300"/>
          <int UnitY="10"/>
          <int YTrafo="1"/>
        </Curve>
        <Curve name="TNPH">
          <bool displayed="false"/>
          <string Font=",8.25,-1,5,50,0,0,0,0,0"/>
          <string Title="28_09a_6_1"/>
          <string Name="TNPH"/>
          <int Type="3"/>
          <color LineRGBA="4278190335"/>
          <int UnitX="300"/>
          <int UnitY="10"/>
          <int YTrafo="1"/>
        </Curve>
        <Curve name="SPHI">
          <bool displayed="false"/>
          <string Font=",8.25,-1,5,50,0,0,0,0,0"/>
          <string Title="28_09a_6_1"/>
          <string Name="SPHI"/>
          <int Type="3"/>
          <color LineRGBA="4278190335"/>
          <int UnitX="300"/>
          <int UnitY="10"/>
          <int YTrafo="1"/>
        </Curve>
        <Curve name="RHOZ">
          <bool displayed="false"/>
          <string Font=",8.25,-1,5,50,0,0,0,0,0"/>
          <string Title="28_09a_6_1"/>
          <string Name="RHOZ"/>
          <int Type="3"/>
          <color LineRGBA="4278190335"/>
          <int UnitX="300"/>
          <int UnitY="10"/>
          <int YTrafo="1"/>
        </Curve>
        <Curve name="HDRA">
          <bool displayed="false"/>
          <string Font=",8.25,-1,5,50,0,0,0,0,0"/>
          <string Title="28_09a_6_1"/>
          <string Name="HDRA"/>
          <int Type="3"/>
          <color LineRGBA="4278190335"/>
          <int UnitX="300"/>
          <int UnitY="10"/>
          <int YTrafo="1"/>
        </Curve>
        <Curve name="HCAL">
          <bool displayed="false"/>
          <string Font=",8.25,-1,5,50,0,0,0,0,0"/>
          <string Title="28_09a_6_1"/>
          <string Name="HCAL"/>
          <int Type="3"/>
          <color LineRGBA="4278190335"/>
          <int UnitX="300"/>
          <int UnitY="10"/>
          <int YTrafo="1"/>
        </Curve>
        <Curve name="TENS">
          <bool displayed="false"/>
          <string Font=",8.25,-1,5,50,0,0,0,0,0"/>
          <string Title="28_09a_6_1"/>
          <string Name="TENS"/>
          <int Type="3"/>
          <color LineRGBA="4278190335"/>
          <int UnitX="300"/>
          <int UnitY="10"/>
          <int YTrafo="1"/>
        </Curve>
        <Curve name="NPHI">
          <bool displayed="false"/>
          <string Font=",8.25,-1,5,50,0,0,0,0,0"/>
          <string Title="28_09a_6_1"/>
          <string Name="NPHI"/>
          <int Type="3"/>
          <color LineRGBA="4278190335"/>
          <int UnitX="300"/>
          <int UnitY="10"/>
          <int YTrafo="1"/>
        </Curve>
        <Curve name="GR">
          <bool displayed="false"/>
          <string Font=",8.25,-1,5,50,0,0,0,0,0"/>
          <string Title="28_09a_6_1"/>
          <string Name="GR"/>
          <int Type="3"/>
          <color LineRGBA="4278190335"/>
          <int UnitX="300"/>
          <int UnitY="10"/>
          <int YTrafo="1"/>
        </Curve>
        <Curve name="Artificial">
          <bool displayed="false"/>
          <string Font=",8.25,-1,5,50,0,0,0,0,0"/>
          <string Title="28_09a_6_1"/>
          <string Name="Artificial"/>
          <int Type="3"/>
          <color LineRGBA="4278190335"/>
          <int UnitX="300"/>
          <int UnitY="10"/>
          <int YTrafo="1"/>
        </Curve>
      </UnitScale>
    </Plot>
  </Node>
  <Node name="Units">
    <NTable name="Overlay Definitions"/>
    <NTable name="Physical Units"/>
    <NTable name="Physical Unit Groups"/>
  </Node>
  <CultureData name="Culture data">
    <bool displayed="true"/>
    <CultureLineFolder name="Blockboundaries">
      <uint CultureType="1"/>
    </CultureLineFolder>
    <CultureLineFolder name="Lines">
      <uint CultureType="2"/>
    </CultureLineFolder>
    <CultureLineFolder name="Cross section lines">
      <uint CultureType="3"/>
    </CultureLineFolder>
    <CultureLabelFolder name="Labels"/>
  </CultureData>
  <Node name="View settings">
    <bool displayed="true"/>
    <QGLMapRendererNode name="Map View">
      <bool displayed="true"/>
      <int Width="722"/>
      <int Height="607"/>
      <color BackgroundColor="4294967295"/>
      <color HighlightCColor="4294967040"/>
      <string Font="MS Shell Dlg 2,8.25,-1,5,50,0,0,0,0,0"/>
      <string AnnotationTitle="Map View"/>
      <string Title="28_09a_6_1"/>
      <int MarginLeft="80"/>
      <int MarginRight="80"/>
      <int MarginTop="50"/>
      <int MarginBottom="50"/>
      <int PropZoomLimit="1023"/>
      <point FocusMinP="0 0 99999"/>
      <point FocusMaxP="0 0 99999"/>
      <point Target="-19595.268 -12601.839 2700.2256"/>
      <point North="0 1 0"/>
      <float Border="2"/>
      <nglAnnotationMap name="Map View">
        <bool displayed="true"/>
        <bool inTree="true"/>
        <uint titleLocation="9"/>
        <bool logoDisplayed="true"/>
        <uint compassLocation="6"/>
        <uint scaleBarLocation="6"/>
        <string scaleBarFont="MS Shell Dlg 2,8.25,-1,5,50,0,0,0,0,0"/>
        <bool wellNameName="true"/>
        <bool wellSymbolAssigned="true"/>
        <int wellPickWidth="1"/>
        <int wellPickLength="5"/>
        <int wellFaultWidth="1"/>
        <int wellFaultLength="5"/>
        <int wellUnconfWidth="1"/>
        <int wellUnconfLength="5"/>
        <int wellRiskWidth="1"/>
        <int wellRiskLength="5"/>
        <int wellLogCurveWidth="50"/>
        <int wellCalibWidth="50"/>
        <nglAnnotationAxis name="Right">
          <bool displayed="true"/>
          <int mode="2"/>
          <string title="Grid"/>
          <bool titleDefault="true"/>
          <string titleFont="MS Shell Dlg 2,8.25,-1,5,50,0,0,0,0,0"/>
          <bool lineDisplayed="true"/>
          <int lineWidth="1"/>
          <bool labelsDisplayed="true"/>
          <string labelFont="MS Shell Dlg 2,8.25,-1,5,50,0,0,0,0,0"/>
          <bool majorDisplayed="true"/>
          <int majorWidth="1"/>
          <int majorLength="5"/>
          <bool minorDisplayed="true"/>
          <int minorWidth="1"/>
          <int minorLength="2"/>
          <bool automatic="true"/>
          <float majorStep="10000"/>
          <int majorRate="10"/>
        </nglAnnotationAxis>
        <nglAnnotationAxis name="Left">
          <bool displayed="true"/>
          <bool titleDisplayed="true"/>
          <string title="Y"/>
          <bool titleDefault="true"/>
          <string titleFont="MS Shell Dlg 2,8.25,-1,5,50,0,0,0,0,0"/>
          <bool lineDisplayed="true"/>
          <int lineWidth="1"/>
          <bool labelsDisplayed="true"/>
          <string labelFont="MS Shell Dlg 2,8.25,-1,5,50,0,0,0,0,0"/>
          <bool majorDisplayed="true"/>
          <int majorWidth="1"/>
          <int majorLength="5"/>
          <bool minorDisplayed="true"/>
          <int minorWidth="1"/>
          <int minorLength="2"/>
          <bool automatic="true"/>
          <float majorStep="10000"/>
          <int majorRate="10"/>
        </nglAnnotationAxis>
        <nglAnnotationAxis name="Bottom">
          <bool displayed="true"/>
          <int mode="2"/>
          <string title="Grid"/>
          <bool titleDefault="true"/>
          <string titleFont="MS Shell Dlg 2,8.25,-1,5,50,0,0,0,0,0"/>
          <bool lineDisplayed="true"/>
          <int lineWidth="1"/>
          <bool labelsDisplayed="true"/>
          <string labelFont="MS Shell Dlg 2,8.25,-1,5,50,0,0,0,0,0"/>
          <bool majorDisplayed="true"/>
          <int majorWidth="1"/>
          <int majorLength="5"/>
          <bool minorDisplayed="true"/>
          <int minorWidth="1"/>
          <int minorLength="2"/>
          <bool automatic="true"/>
          <float majorStep="10000"/>
          <int majorRate="10"/>
        </nglAnnotationAxis>
        <nglAnnotationAxis name="Top">
          <bool displayed="true"/>
          <bool titleDisplayed="true"/>
          <string title="X"/>
          <bool titleDefault="true"/>
          <string titleFont="MS Shell Dlg 2,8.25,-1,5,50,0,0,0,0,0"/>
          <bool lineDisplayed="true"/>
          <int lineWidth="1"/>
          <bool labelsDisplayed="true"/>
          <string labelFont="MS Shell Dlg 2,8.25,-1,5,50,0,0,0,0,0"/>
          <bool majorDisplayed="true"/>
          <int majorWidth="1"/>
          <int majorLength="5"/>
          <bool minorDisplayed="true"/>
          <int minorWidth="1"/>
          <int minorLength="2"/>
          <bool automatic="true"/>
          <float majorStep="10000"/>
          <int majorRate="10"/>
        </nglAnnotationAxis>
      </nglAnnotationMap>
    </QGLMapRendererNode>
    <QGL3dRendererNode name="3D View">
      <bool displayed="true"/>
      <int Width="1"/>
      <int Height="1"/>
      <color BackgroundColor="4294967295"/>
      <color HighlightCColor="4294967040"/>
      <string Font="MS Shell Dlg 2,8.25,-1,5,50,0,0,0,0,0"/>
      <string AnnotationTitle="3D View"/>
      <string Title="28_09a_6_1"/>
      <float Rotate="345"/>
      <float DepthRatio="1"/>
      <float Slope="15"/>
      <float FOV="10"/>
      <float StereoEyeDistance="50"/>
      <point FocusMinP="0 0 99999"/>
      <point FocusMaxP="0 0 99999"/>
      <point North="0 1 0"/>
      <nglAnnotation3d name="3D View">
        <bool displayed="true"/>
        <bool inTree="true"/>
        <uint titleLocation="9"/>
        <bool logoDisplayed="true"/>
        <uint compassLocation="6"/>
        <string scaleBarFont="MS Shell Dlg 2,8.25,-1,5,50,0,0,0,0,0"/>
        <bool wellNameName="true"/>
        <bool wellSymbolAssigned="true"/>
        <int wellPickWidth="1"/>
        <int wellPickLength="5"/>
        <int wellFaultWidth="1"/>
        <int wellFaultLength="5"/>
        <int wellUnconfWidth="1"/>
        <int wellUnconfLength="5"/>
        <int wellRiskWidth="1"/>
        <int wellRiskLength="5"/>
        <int wellLogCurveWidth="50"/>
        <int wellCalibWidth="50"/>
        <nglAnnotationAxis name="Vertical">
          <bool displayed="true"/>
          <int mode="3"/>
          <bool titleDisplayed="true"/>
          <bool titleDefault="true"/>
          <string titleFont="MS Shell Dlg 2,8.25,-1,5,50,0,0,0,0,0"/>
          <color titleColor="4286611584"/>
          <bool lineDisplayed="true"/>
          <int lineWidth="1"/>
          <color lineColor="4286611584"/>
          <bool labelsDisplayed="true"/>
          <string labelFont="MS Shell Dlg 2,8.25,-1,5,50,0,0,0,0,0"/>
          <color labelColor="4286611584"/>
          <bool majorDisplayed="true"/>
          <int majorWidth="1"/>
          <int majorLength="3"/>
          <color majorColor="4286611584"/>
          <int minorWidth="1"/>
          <int minorLength="1"/>
          <color minorColor="4286611584"/>
          <bool automatic="true"/>
          <int majorRate="10"/>
        </nglAnnotationAxis>
        <nglAnnotationAxis name="Bottom">
          <bool displayed="true"/>
          <bool titleDisplayed="true"/>
          <bool titleDefault="true"/>
          <string titleFont="MS Shell Dlg 2,8.25,-1,5,50,0,0,0,0,0"/>
          <color titleColor="4286611584"/>
          <bool lineDisplayed="true"/>
          <int lineWidth="1"/>
          <color lineColor="4286611584"/>
          <bool labelsDisplayed="true"/>
          <string labelFont="MS Shell Dlg 2,8.25,-1,5,50,0,0,0,0,0"/>
          <color labelColor="4286611584"/>
          <bool majorDisplayed="true"/>
          <int majorWidth="1"/>
          <int majorLength="3"/>
          <color majorColor="4286611584"/>
          <int minorWidth="1"/>
          <int minorLength="1"/>
          <color minorColor="4286611584"/>
          <bool automatic="true"/>
          <int majorRate="10"/>
        </nglAnnotationAxis>
        <nglAnnotationAxis name="Top">
          <bool displayed="true"/>
          <bool titleDisplayed="true"/>
          <bool titleDefault="true"/>
          <string titleFont="MS Shell Dlg 2,8.25,-1,5,50,0,0,0,0,0"/>
          <color titleColor="4286611584"/>
          <bool lineDisplayed="true"/>
          <int lineWidth="1"/>
          <color lineColor="4286611584"/>
          <bool labelsDisplayed="true"/>
          <string labelFont="MS Shell Dlg 2,8.25,-1,5,50,0,0,0,0,0"/>
          <color labelColor="4286611584"/>
          <bool majorDisplayed="true"/>
          <int majorWidth="1"/>
          <int majorLength="3"/>
          <color majorColor="4286611584"/>
          <int minorWidth="1"/>
          <int minorLength="1"/>
          <color minorColor="4286611584"/>
          <bool automatic="true"/>
          <int majorRate="10"/>
        </nglAnnotationAxis>
      </nglAnnotation3d>
      <ClipPlane name="Plane Base">
        <uint Orientation="5"/>
        <float Dip="90"/>
        <double Distance="1e+31"/>
      </ClipPlane>
      <ClipPlane name="Plane Top">
        <uint Orientation="4"/>
        <float Dip="-90"/>
        <double Distance="1e+31"/>
      </ClipPlane>
      <ClipPlane name="Plane East">
        <uint Orientation="2"/>
        <float Azimuth="90"/>
        <double Distance="1e+31"/>
      </ClipPlane>
      <ClipPlane name="Plane West">
        <uint Orientation="3"/>
        <float Azimuth="270"/>
        <double Distance="1e+31"/>
      </ClipPlane>
      <ClipPlane name="Plane North">
        <double Distance="1e+31"/>
      </ClipPlane>
      <ClipPlane name="Plane South">
        <uint Orientation="1"/>
        <float Azimuth="180"/>
        <double Distance="1e+31"/>
      </ClipPlane>
      <ClipNode name="ClipNode">
        <point Any1Normal="0 0 1"/>
        <point Any2Normal="0 0 -1"/>
      </ClipNode>
    </QGL3dRendererNode>
    <QGLMapRendererNode name="Subset Dlg">
      <bool displayed="true"/>
      <int Width="160"/>
      <int Height="160"/>
      <color BackgroundColor="4294967295"/>
      <color HighlightCColor="4294967040"/>
      <string Font="MS Shell Dlg 2,8.25,-1,5,50,0,0,0,0,0"/>
      <string AnnotationTitle="Map View"/>
      <string Title="28_09a_6_1"/>
      <int MarginLeft="80"/>
      <int MarginRight="80"/>
      <int MarginTop="50"/>
      <int MarginBottom="50"/>
      <int PropZoomLimit="1023"/>
      <point FocusMinP="0 0 99999"/>
      <point FocusMaxP="0 0 99999"/>
      <point North="0 1 0"/>
      <float Border="2"/>
      <nglAnnotationMap name="Map View">
        <bool displayed="true"/>
        <bool inTree="true"/>
        <uint titleLocation="9"/>
        <bool logoDisplayed="true"/>
        <uint compassLocation="6"/>
        <uint scaleBarLocation="6"/>
        <string scaleBarFont="MS Shell Dlg 2,8.25,-1,5,50,0,0,0,0,0"/>
        <bool wellNameName="true"/>
        <bool wellSymbolAssigned="true"/>
        <int wellPickWidth="1"/>
        <int wellPickLength="5"/>
        <int wellFaultWidth="1"/>
        <int wellFaultLength="5"/>
        <int wellUnconfWidth="1"/>
        <int wellUnconfLength="5"/>
        <int wellRiskWidth="1"/>
        <int wellRiskLength="5"/>
        <int wellLogCurveWidth="50"/>
        <int wellCalibWidth="50"/>
        <nglAnnotationAxis name="Right">
          <bool displayed="true"/>
          <int mode="2"/>
          <bool titleDefault="true"/>
          <string titleFont="MS Shell Dlg 2,8.25,-1,5,50,0,0,0,0,0"/>
          <bool lineDisplayed="true"/>
          <int lineWidth="1"/>
          <bool labelsDisplayed="true"/>
          <string labelFont="MS Shell Dlg 2,8.25,-1,5,50,0,0,0,0,0"/>
          <bool majorDisplayed="true"/>
          <int majorWidth="1"/>
          <int majorLength="5"/>
          <bool minorDisplayed="true"/>
          <int minorWidth="1"/>
          <int minorLength="2"/>
          <bool automatic="true"/>
          <int majorRate="10"/>
        </nglAnnotationAxis>
        <nglAnnotationAxis name="Left">
          <bool displayed="true"/>
          <bool titleDisplayed="true"/>
          <bool titleDefault="true"/>
          <string titleFont="MS Shell Dlg 2,8.25,-1,5,50,0,0,0,0,0"/>
          <bool lineDisplayed="true"/>
          <int lineWidth="1"/>
          <bool labelsDisplayed="true"/>
          <string labelFont="MS Shell Dlg 2,8.25,-1,5,50,0,0,0,0,0"/>
          <bool majorDisplayed="true"/>
          <int majorWidth="1"/>
          <int majorLength="5"/>
          <bool minorDisplayed="true"/>
          <int minorWidth="1"/>
          <int minorLength="2"/>
          <bool automatic="true"/>
          <int majorRate="10"/>
        </nglAnnotationAxis>
        <nglAnnotationAxis name="Bottom">
          <bool displayed="true"/>
          <int mode="2"/>
          <bool titleDefault="true"/>
          <string titleFont="MS Shell Dlg 2,8.25,-1,5,50,0,0,0,0,0"/>
          <bool lineDisplayed="true"/>
          <int lineWidth="1"/>
          <bool labelsDisplayed="true"/>
          <string labelFont="MS Shell Dlg 2,8.25,-1,5,50,0,0,0,0,0"/>
          <bool majorDisplayed="true"/>
          <int majorWidth="1"/>
          <int majorLength="5"/>
          <bool minorDisplayed="true"/>
          <int minorWidth="1"/>
          <int minorLength="2"/>
          <bool automatic="true"/>
          <int majorRate="10"/>
        </nglAnnotationAxis>
        <nglAnnotationAxis name="Top">
          <bool displayed="true"/>
          <bool titleDisplayed="true"/>
          <bool titleDefault="true"/>
          <string titleFont="MS Shell Dlg 2,8.25,-1,5,50,0,0,0,0,0"/>
          <bool lineDisplayed="true"/>
          <int lineWidth="1"/>
          <bool labelsDisplayed="true"/>
          <string labelFont="MS Shell Dlg 2,8.25,-1,5,50,0,0,0,0,0"/>
          <bool majorDisplayed="true"/>
          <int majorWidth="1"/>
          <int majorLength="5"/>
          <bool minorDisplayed="true"/>
          <int minorWidth="1"/>
          <int minorLength="2"/>
          <bool automatic="true"/>
          <int majorRate="10"/>
        </nglAnnotationAxis>
      </nglAnnotationMap>
    </QGLMapRendererNode>
  </Node>
</PetrowellsScope>
